chr;start;end
chr1;3067;4995
chr1;21326;24442
chr1;255809;256705
chr1;257646;258372
chr1;258800;259847
chr1;259907;261670
chr1;263068;263505
chr1;263519;266686
chr1;267167;268225
chr1;267167;268225
chr1;268345;269114
chr1;269512;271946
chr1;24982;26491
chr1;272652;275963
chr1;276248;277895
chr1;278525;280279
chr1;280646;281359
chr1;281745;282551
chr1;282861;283241
chr1;283685;284578
chr1;284738;285934
chr1;286071;288704
chr1;288782;289105
chr1;27975;29374
chr1;289472;290395
chr1;290456;292144
chr1;292817;295093
chr1;295298;298495
chr1;298900;300582
chr1;301025;308356
chr1;308441;309675
chr1;309965;311179
chr1;311537;312919
chr1;313071;313871
chr1;29631;31879
chr1;314390;317488
chr1;317780;319135
chr1;319284;319923
chr1;320556;322979
chr1;322976;326047
chr1;326311;328623
chr1;328652;329197
chr1;329808;330436
chr1;330735;331775
chr1;332277;333668
chr1;32681;36402
chr1;333700;336588
chr1;336844;337983
chr1;338229;339770
chr1;340292;341640
chr1;341767;344124
chr1;344678;347830
chr1;347962;349959
chr1;350112;350795
chr1;351287;352954
chr1;39429;42553
chr1;353203;354157
chr1;354224;355057
chr1;355626;364652
chr1;364748;366427
chr1;366900;368933
chr1;369535;371481
chr1;371642;372829
chr1;373207;374955
chr1;375101;377908
chr1;378790;379368
chr1;42900;45885
chr1;379717;380109
chr1;380290;381687
chr1;381629;382838
chr1;382785;382857
chr1;382952;383879
chr1;384278;393271
chr1;393387;393788
chr1;394340;394663
chr1;395022;396407
chr1;396525;399626
chr1;399844;401826
chr1;49637;50494
chr1;402221;404708
chr1;404762;406109
chr1;406233;411659
chr1;411652;412896
chr1;412989;413818
chr1;413981;415519
chr1;415455;416650
chr1;416827;417290
chr1;417317;418699
chr1;419448;421430
chr1;50964;52550
chr1;421560;423041
chr1;423248;425269
chr1;425305;425883
chr1;427054;427671
chr1;428008;430806
chr1;430822;431271
chr1;431453;432583
chr1;432994;434454
chr1;434708;435319
chr1;435507;436240
chr1;52816;54498
chr1;436349;437147
chr1;437337;438346
chr1;438483;452391
chr1;452503;454030
chr1;454102;454659
chr1;454724;455965
chr1;456062;456691
chr1;456945;457853
chr1;458429;459922
chr1;460041;461017
chr1;5188;6651
chr1;54728;55322
chr1;461235;463328
chr1;463385;465283
chr1;465673;466293
chr1;55433;55963
chr1;466575;468131
chr1;468380;469978
chr1;470675;471475
chr1;471730;472387
chr1;472950;474449
chr1;474501;475193
chr1;475337;476449
chr1;56167;56781
chr1;476885;478391
chr1;478877;483550
chr1;483770;486559
chr1;486595;488517
chr1;488649;489494
chr1;489591;491660
chr1;491736;493985
chr1;494029;495242
chr1;495337;497118
chr1;497257;500190
chr1;56680;57960
chr1;500382;501755
chr1;501808;502167
chr1;502406;503047
chr1;503066;504262
chr1;504779;506056
chr1;506132;506563
chr1;506610;507044
chr1;507293;507616
chr1;507887;508444
chr1;508802;510844
chr1;510967;511247
chr1;58180;59604
chr1;511639;516339
chr1;516501;517043
chr1;517055;517395
chr1;517500;518822
chr1;520006;520848
chr1;521084;521629
chr1;522105;523784
chr1;524153;525067
chr1;525161;526150
chr1;526551;528239
chr1;528904;529563
chr1;59663;60727
chr1;530055;531050
chr1;531205;531758
chr1;531909;535231
chr1;535340;536512
chr1;536725;537660
chr1;538076;539461
chr1;539488;542235
chr1;543294;543866
chr1;544192;545142
chr1;545389;546795
chr1;546852;547902
chr1;60920;62553
chr1;548148;550046
chr1;550092;550970
chr1;551729;552049
chr1;552648;556544
chr1;556748;560314
chr1;560448;560984
chr1;561198;562127
chr1;563744;568090
chr1;568287;569030
chr1;569050;569820
chr1;62769;64154
chr1;570077;572338
chr1;572516;578779
chr1;577426;580460
chr1;581046;582203
chr1;582312;582384
chr1;582439;582792
chr1;583072;585675
chr1;585729;586991
chr1;586477;587099
chr1;587155;588666
chr1;588932;589860
chr1;589981;590184
chr1;64565;65073
chr1;590496;591719
chr1;592004;593071
chr1;593286;595568
chr1;596450;598531
chr1;599021;601606
chr1;601792;603687
chr1;603771;604967
chr1;605276;609121
chr1;609331;610491
chr1;610524;611306
chr1;611322;611919
chr1;65365;66468
chr1;612050;612571
chr1;612638;614398
chr1;614510;615617
chr1;615716;620286
chr1;620685;624152
chr1;624563;626172
chr1;626467;628545
chr1;628736;630669
chr1;630870;633815
chr1;66597;68096
chr1;634151;635923
chr1;636010;636429
chr1;636773;637435
chr1;638267;639043
chr1;639164;640005
chr1;640214;641569
chr1;641710;644137
chr1;644643;645809
chr1;646081;646824
chr1;647242;647658
chr1;6974;11926
chr1;68193;68615
chr1;648187;648675
chr1;649237;650091
chr1;650743;651852
chr1;651970;654432
chr1;655188;656432
chr1;656413;657165
chr1;658046;659425
chr1;659470;660942
chr1;661070;672657
chr1;672731;673723
chr1;673771;674997
chr1;675260;675330
chr1;68873;69967
chr1;675473;677652
chr1;677502;680039
chr1;680648;682896
chr1;683080;685158
chr1;685948;686565
chr1;687135;688118
chr1;689611;693969
chr1;694172;699031
chr1;699723;701093
chr1;701488;703877
chr1;70178;71950
chr1;704139;705002
chr1;706289;709411
chr1;710029;712050
chr1;713631;716270
chr1;716477;726031
chr1;726527;727252
chr1;727655;728692
chr1;728994;731316
chr1;731680;732618
chr1;732786;735192
chr1;72883;75530
chr1;736631;737521
chr1;738098;738781
chr1;739452;740306
chr1;741190;741820
chr1;741906;743389
chr1;743738;744332
chr1;744658;745176
chr1;745203;747194
chr1;747802;748437
chr1;748525;749413
chr1;750275;752158
chr1;76056;77538
chr1;752378;753617
chr1;754173;754445
chr1;755245;757449
chr1;757497;757924
chr1;757931;759400
chr1;759624;761868
chr1;762073;763032
chr1;763730;764422
chr1;764430;766267
chr1;766844;767300
chr1;77948;80290
chr1;768100;770594
chr1;770993;772753
chr1;773437;775107
chr1;776497;779176
chr1;779715;785534
chr1;786072;786694
chr1;788091;790868
chr1;792033;792413
chr1;793113;794372
chr1;796034;796462
chr1;796519;797339
chr1;797516;798853
chr1;81290;83800
chr1;799450;801953
chr1;802160;804967
chr1;806176;807282
chr1;807664;809901
chr1;810344;811912
chr1;812674;813732
chr1;814034;814651
chr1;815338;821955
chr1;822452;824064
chr1;824333;827410
chr1;84017;86260
chr1;828590;829951
chr1;830164;832251
chr1;833003;834387
chr1;834953;837043
chr1;837447;841670
chr1;841889;842749
chr1;842976;846455
chr1;846723;847413
chr1;847536;849980
chr1;850156;853974
chr1;86560;87986
chr1;854756;855328
chr1;855666;858404
chr1;859106;862093
chr1;862446;863049
chr1;863231;866454
chr1;868819;871593
chr1;873501;874792
chr1;88568;89564
chr1;12064;13215
chr1;89770;91956
chr1;91981;92589
chr1;93432;94158
chr1;94302;95066
chr1;95287;96227
chr1;96245;98250
chr1;98340;100354
chr1;101219;104017
chr1;105168;105665
chr1;105665;106057
chr1;106501;107305
chr1;46;743
chr1;13330;16469
chr1;107652;109128
chr1;109328;111233
chr1;111384;112805
chr1;112972;113558
chr1;113855;114565
chr1;115401;116261
chr1;116770;125757
chr1;125943;127567
chr1;127759;128463
chr1;129783;132723
chr1;133646;141229
chr1;16597;17499
chr1;141693;143247
chr1;143466;144229
chr1;144482;145798
chr1;146344;147273
chr1;147624;153926
chr1;152853;152933
chr1;153238;157059
chr1;157604;158620
chr1;159886;163416
chr1;163656;165448
chr1;165645;167049
chr1;17693;18049
chr1;167685;171980
chr1;172236;175816
chr1;176203;176838
chr1;176974;178039
chr1;178279;179059
chr1;179675;180676
chr1;181234;196974
chr1;197197;199982
chr1;200157;201770
chr1;202686;203529
chr1;204334;208530
chr1;18285;18728
chr1;209499;211472
chr1;211621;213423
chr1;214507;217016
chr1;217149;220288
chr1;220545;221481
chr1;221731;222198
chr1;222968;223432
chr1;223958;224317
chr1;224573;225205
chr1;226056;227273
chr1;227978;232246
chr1;18868;21141
chr1;232372;232689
chr1;233159;233232
chr1;233984;235029
chr1;235349;237064
chr1;237710;238609
chr1;238862;239401
chr1;240448;241893
chr1;242137;243594
chr1;245793;248294
chr1;248832;251456
chr1;252086;255529
chr2;41835;42233
chr2;374112;375302
chr2;621617;622330
chr2;43;1380
chr2;34972;36210
chr2;225623;227542
chr2;228566;230326
chr2;231451;232743
chr2;233048;233992
chr2;234220;234795
chr2;235221;236264
chr2;236396;238552
chr2;239641;239961
chr2;240157;241911
chr2;242051;243568
chr2;37362;39149
chr2;243881;246793
chr2;247211;248807
chr2;248899;250386
chr2;250408;252453
chr2;252574;253542
chr2;254843;255850
chr2;256070;258091
chr2;258587;260069
chr2;260066;261928
chr2;39964;40472
chr2;262273;263202
chr2;263520;264284
chr2;264390;266105
chr2;266720;268972
chr2;269302;270603
chr2;270624;273314
chr2;273946;276381
chr2;276392;278878
chr2;279250;281307
chr2;281387;282655
chr2;40787;41125
chr2;282926;284959
chr2;285392;286840
chr2;287035;288451
chr2;289323;291359
chr2;291432;292817
chr2;293143;294906
chr2;294187;294266
chr2;295049;297682
chr2;298700;300456
chr2;300970;308269
chr2;397695;399452
chr2;399964;400115
chr2;400631;404089
chr2;305137;306021
chr2;306103;306693
chr2;306747;308588
chr2;308744;309172
chr2;309912;311621
chr2;311618;313000
chr2;313106;313876
chr2;314007;315731
chr2;315699;317710
chr2;317717;318283
chr2;318304;319620
chr2;319672;320673
chr2;42483;43737
chr2;321029;322651
chr2;322831;325248
chr2;325284;327062
chr2;327129;328340
chr2;328628;329083
chr2;329075;330562
chr2;330722;332320
chr2;332576;333496
chr2;333961;334326
chr2;334666;336633
chr2;44252;45633
chr2;336604;339192
chr2;339559;341109
chr2;341695;342453
chr2;342954;343718
chr2;343728;346094
chr2;346989;348395
chr2;348647;349156
chr2;349213;349566
chr2;349761;350836
chr2;351264;351566
chr2;45953;46422
chr2;352384;352902
chr2;353060;356563
chr2;356540;357174
chr2;357184;358983
chr2;358978;360204
chr2;360387;362795
chr2;362904;362988
chr2;363059;364507
chr2;364608;365746
chr2;365808;367085
chr2;367299;368615
chr2;369571;372690
chr2;46794;47396
chr2;372784;374098
chr2;375357;376004
chr2;376550;377129
chr2;377143;378337
chr2;378392;379939
chr2;380099;381079
chr2;381336;385076
chr2;385318;386259
chr2;386950;387297
chr2;388359;389063
chr2;48167;48577
chr2;389071;390078
chr2;390431;392035
chr2;392209;395631
chr2;395832;396329
chr2;397247;397953
chr2;397695;400159
chr2;400202;402334
chr2;403365;406253
chr2;407026;408138
chr2;408208;408909
chr2;3136;5184
chr2;48767;49738
chr2;409049;410228
chr2;410463;411266
chr2;411517;412134
chr2;412233;412908
chr2;412931;414151
chr2;414759;415625
chr2;416130;418259
chr2;418308;419885
chr2;420081;421240
chr2;421286;424635
chr2;49924;51664
chr2;424580;425267
chr2;425589;426155
chr2;426567;426863
chr2;427031;431311
chr2;431889;437345
chr2;437380;437787
chr2;437848;440727
chr2;440871;442559
chr2;442770;443120
chr2;443308;444549
chr2;52137;53860
chr2;445057;445362
chr2;445694;446905
chr2;447336;448190
chr2;448227;450728
chr2;450891;452276
chr2;452849;453395
chr2;453593;455626
chr2;455661;456698
chr2;456918;458597
chr2;458797;459720
chr2;54105;59152
chr2;460217;461680
chr2;461790;463424
chr2;463587;468647
chr2;468839;469345
chr2;469371;474329
chr2;474683;476398
chr2;476467;482373
chr2;483128;483532
chr2;483861;484826
chr2;484894;485904
chr2;60002;60868
chr2;486138;490013
chr2;490095;490562
chr2;490790;492235
chr2;492300;493303
chr2;493322;493758
chr2;494012;494515
chr2;494609;495249
chr2;495317;496021
chr2;496443;497861
chr2;499105;499989
chr2;60988;61380
chr2;500132;501904
chr2;501969;504263
chr2;504383;505214
chr2;505321;506313
chr2;506527;507555
chr2;507909;508412
chr2;508551;508877
chr2;509271;514880
chr2;515739;518714
chr2;519031;519829
chr2;520249;527208
chr2;524415;524798
chr2;61838;62874
chr2;527249;528740
chr2;528824;536662
chr2;537132;538931
chr2;539194;541164
chr2;541558;542115
chr2;542578;543834
chr2;544067;545359
chr2;545894;547138
chr2;547348;551652
chr2;552235;552852
chr2;62987;65067
chr2;553406;554893
chr2;555033;556685
chr2;557113;560124
chr2;560922;564410
chr2;564734;566614
chr2;566716;570765
chr2;571009;573281
chr2;573430;579984
chr2;580496;581617
chr2;581692;582790
chr2;65281;65898
chr2;583013;583855
chr2;583983;584675
chr2;584979;585560
chr2;585705;586625
chr2;586780;590112
chr2;590438;590992
chr2;591373;591942
chr2;592280;592486
chr2;592705;593826
chr2;593980;594876
chr2;65937;67488
chr2;594996;595511
chr2;595912;599580
chr2;599661;600763
chr2;600944;602592
chr2;603043;607997
chr2;608173;615061
chr2;615324;616901
chr2;617076;617665
chr2;617862;621164
chr2;6254;7765
chr2;67790;71536
chr2;622764;623198
chr2;623601;625844
chr2;626110;626637
chr2;627100;629214
chr2;629335;629829
chr2;631250;631678
chr2;631731;632515
chr2;633136;633684
chr2;634689;636032
chr2;636206;638664
chr2;72412;73761
chr2;638911;640609
chr2;641572;644694
chr2;645419;647476
chr2;647674;648933
chr2;649710;652043
chr2;652736;654712
chr2;654726;655481
chr2;656497;658533
chr2;659091;660574
chr2;661149;662862
chr2;73993;74473
chr2;663112;664815
chr2;665062;666453
chr2;667153;669265
chr2;669753;671558
chr2;672467;673720
chr2;674080;677342
chr2;678135;679841
chr2;680052;682064
chr2;683032;683406
chr2;683559;685259
chr2;74688;76295
chr2;686449;688161
chr2;688488;691277
chr2;691625;694084
chr2;695197;697980
chr2;698800;701121
chr2;701970;703153
chr2;703579;706602
chr2;707314;708311
chr2;708853;710412
chr2;710704;711198
chr2;76810;80520
chr2;711355;714617
chr2;711370;711772
chr2;715000;715548
chr2;715973;717225
chr2;717649;720849
chr2;720873;725780
chr2;726677;727831
chr2;728025;730605
chr2;730559;731620
chr2;731972;734248
chr2;734529;738458
chr2;80767;80934
chr2;739128;741242
chr2;742043;743851
chr2;743878;744825
chr2;745761;747386
chr2;749112;756449
chr2;756684;759266
chr2;760795;762150
chr2;762210;763769
chr2;764173;765975
chr2;767836;767947
chr2;769013;788752
chr2;81272;83699
chr2;790157;794560
chr2;794592;795869
chr2;796313;799183
chr2;800011;801978
chr2;802544;804205
chr2;803970;804066
chr2;804799;805770
chr2;806094;808093
chr2;808538;810731
chr2;810985;813304
chr2;813954;826193
chr2;84177;85119
chr2;826889;831784
chr2;832732;834219
chr2;834423;835056
chr2;835125;836285
chr2;836657;838045
chr2;838690;840927
chr2;841174;841626
chr2;841934;843522
chr2;844095;846264
chr2;846800;847114
chr2;85357;86272
chr2;847392;848501
chr2;849265;850692
chr2;850822;851148
chr2;851199;853635
chr2;854253;855332
chr2;856064;859633
chr2;859832;861818
chr2;862672;868543
chr2;868578;870071
chr2;870697;871953
chr2;87851;89633
chr2;871970;875695
chr2;876880;877353
chr2;878049;878813
chr2;879145;883163
chr2;884180;885399
chr2;885441;886624
chr2;887434;888406
chr2;888597;890530
chr2;891301;891970
chr2;893847;895922
chr2;896356;897801
chr2;7844;9346
chr2;89956;90540
chr2;897917;898486
chr2;898780;899885
chr2;900014;901029
chr2;901684;904086
chr2;904103;908691
chr2;909431;912069
chr2;912916;915270
chr2;915324;916547
chr2;916668;918422
chr2;918869;920964
chr2;91221;92006
chr2;921193;921540
chr2;922461;923095
chr2;923440;925825
chr2;926202;926720
chr2;927067;928089
chr2;928709;929272
chr2;929671;929742
chr2;929548;932993
chr2;933413;934102
chr2;934191;934550
chr2;934807;934879
chr2;935795;936262
chr2;936407;939871
chr2;93322;93939
chr2;940269;942356
chr2;942275;943879
chr2;943907;946717
chr2;946750;947196
chr2;947461;952084
chr2;952190;954451
chr2;954778;956145
chr2;956318;960091
chr2;960475;961707
chr2;961818;962768
chr2;94753;95373
chr2;963445;964080
chr2;964209;964694
chr2;964801;966381
chr2;966774;967448
chr2;967640;969461
chr2;969907;973871
chr2;975401;976402
chr2;978620;979744
chr2;983545;985208
chr2;95817;96221
chr2;96619;97167
chr2;98061;102380
chr2;103000;104415
chr2;104867;106003
chr2;10256;11755
chr2;106722;108149
chr2;108585;109879
chr2;110199;111380
chr2;112367;113001
chr2;113982;115783
chr2;116745;117786
chr2;118078;125094
chr2;124503;126123
chr2;126862;133691
chr2;134388;136158
chr2;12284;17190
chr2;136260;138290
chr2;139057;140561
chr2;141164;142125
chr2;142532;143743
chr2;144651;145670
chr2;147155;149233
chr2;149235;150775
chr2;151065;152292
chr2;152834;158194
chr2;159512;163597
chr2;18300;23716
chr2;165220;168623
chr2;169030;170003
chr2;169951;171638
chr2;171749;172972
chr2;173701;173970
chr2;174175;175443
chr2;175666;176682
chr2;176784;178386
chr2;178501;179055
chr2;179052;180152
chr2;180906;184649
chr2;24195;28625
chr2;185455;187269
chr2;188140;188589
chr2;189155;189803
chr2;190562;191242
chr2;191491;192338
chr2;192429;193367
chr2;193965;194711
chr2;195073;195756
chr2;196302;198376
chr2;198516;198958
chr2;199216;200565
chr2;29209;34359
chr2;201210;202904
chr2;203508;204638
chr2;204966;208052
chr2;208478;211519
chr2;212061;215252
chr2;215796;217109
chr2;217323;219155
chr2;219257;221566
chr2;222053;222697
chr2;223217;225115
chr3;685657;686682
chr3;1088682;1089488
chr3;2886;6047
chr3;24398;25591
chr3;297683;298210
chr3;298394;299185
chr3;299236;302774
chr3;302915;304527
chr3;304794;305393
chr3;306079;310209
chr3;310605;311201
chr3;311229;312267
chr3;313114;314632
chr3;25952;28111
chr3;315211;316602
chr3;316698;328244
chr3;328782;330485
chr3;330813;331499
chr3;332977;333897
chr3;334767;335738
chr3;336403;337890
chr3;338629;339889
chr3;340206;347276
chr3;347128;358734
chr3;28315;29001
chr3;359007;359529
chr3;360691;362085
chr3;362294;363166
chr3;363535;364644
chr3;365006;366376
chr3;366851;367851
chr3;368216;369016
chr3;369134;369724
chr3;369952;372090
chr3;372355;373958
chr3;29064;30170
chr3;374719;375663
chr3;376193;377113
chr3;377549;378148
chr3;379040;380584
chr3;380837;382603
chr3;383756;386827
chr3;387414;388295
chr3;389676;391142
chr3;391601;393875
chr3;393969;394745
chr3;394690;397265
chr3;30561;34973
chr3;397691;401674
chr3;401708;402040
chr3;402238;402468
chr3;402673;403408
chr3;403867;404544
chr3;404820;405839
chr3;406652;408265
chr3;408413;409357
chr3;410017;411843
chr3;411859;412269
chr3;35164;36642
chr3;412552;414241
chr3;414420;415415
chr3;416323;418092
chr3;418381;419186
chr3;419504;424354
chr3;424972;427648
chr3;428308;428904
chr3;430128;430616
chr3;432151;436314
chr3;436391;438769
chr3;37073;39127
chr3;439824;441101
chr3;441585;444152
chr3;444967;446004
chr3;446200;446760
chr3;448055;449425
chr3;449885;451511
chr3;452780;454806
chr3;457025;457654
chr3;457903;458892
chr3;39380;40180
chr3;460684;462792
chr3;463132;464034
chr3;464202;466105
chr3;467357;468253
chr3;468667;469809
chr3;470105;470953
chr3;471854;472738
chr3;473887;475482
chr3;476206;477861
chr3;478019;481756
chr3;40303;41100
chr3;481973;484250
chr3;484831;486126
chr3;487048;489324
chr3;489375;492674
chr3;493024;498682
chr3;499426;500442
chr3;500706;502412
chr3;502484;502987
chr3;503548;506976
chr3;507106;509310
chr3;41755;44147
chr3;510205;511080
chr3;511114;512487
chr3;512817;513602
chr3;514040;515026
chr3;515198;515716
chr3;516149;516783
chr3;516836;517690
chr3;517963;518762
chr3;518957;522639
chr3;523094;526189
chr3;7861;8991
chr3;44449;46156
chr3;526658;529039
chr3;529256;532644
chr3;533068;533622
chr3;533780;535726
chr3;536198;537415
chr3;537965;539986
chr3;539987;540928
chr3;541327;542808
chr3;543151;543630
chr3;544006;550854
chr3;544070;545374
chr3;551358;552140
chr3;46248;52061
chr3;553404;554348
chr3;554464;555867
chr3;556690;562941
chr3;563197;564171
chr3;564188;565519
chr3;565930;566673
chr3;566812;567513
chr3;567762;568581
chr3;569407;594138
chr3;594185;595339
chr3;52167;53237
chr3;595554;596309
chr3;596935;598389
chr3;598598;599050
chr3;599324;599962
chr3;600333;600605
chr3;600709;601164
chr3;601692;602114
chr3;602236;603885
chr3;604128;605783
chr3;606175;608946
chr3;53934;62207
chr3;609053;609399
chr3;609498;612765
chr3;612589;614739
chr3;613367;613681
chr3;615236;617824
chr3;617860;618168
chr3;618155;619342
chr3;619410;619915
chr3;619937;625354
chr3;625724;626519
chr3;626669;627034
chr3;627134;628279
chr3;62331;63342
chr3;628558;631188
chr3;631649;634774
chr3;635278;636779
chr3;636891;637352
chr3;637684;639213
chr3;639250;640435
chr3;640637;641281
chr3;641392;642816
chr3;642934;644100
chr3;63982;67108
chr3;644295;645629
chr3;645565;646099
chr3;646339;646411
chr3;646437;647762
chr3;647837;649558
chr3;649635;650474
chr3;650605;651012
chr3;651402;652253
chr3;652326;653435
chr3;653435;654574
chr3;654831;656015
chr3;656068;657699
chr3;67707;71406
chr3;657918;661523
chr3;661604;662179
chr3;662428;668136
chr3;668174;670933
chr3;671334;672644
chr3;672674;678037
chr3;678204;678815
chr3;678876;679375
chr3;679418;680029
chr3;680105;682000
chr3;72411;75803
chr3;682066;682783
chr3;682956;685877
chr3;687215;690751
chr3;690777;692405
chr3;692540;693775
chr3;693980;695488
chr3;695522;698452
chr3;698463;701753
chr3;701911;704466
chr3;76894;81213
chr3;704480;705070
chr3;705141;705875
chr3;705965;708436
chr3;708438;709322
chr3;709422;710252
chr3;710054;710653
chr3;710784;711893
chr3;712149;714149
chr3;714364;716697
chr3;716759;717532
chr3;717773;724912
chr3;82411;84390
chr3;725143;727041
chr3;727091;727759
chr3;727870;728916
chr3;728935;730209
chr3;730362;731792
chr3;731899;732975
chr3;732982;741057
chr3;741512;745144
chr3;745200;748796
chr3;748868;752080
chr3;9337;10665
chr3;86603;88443
chr3;752199;753830
chr3;753863;761128
chr3;761774;762847
chr3;763047;764747
chr3;765322;766500
chr3;766669;767628
chr3;767862;771662
chr3;771758;773453
chr3;773383;775170
chr3;775151;776045
chr3;776127;779132
chr3;779133;781037
chr3;89618;95254
chr3;781370;783205
chr3;783405;784676
chr3;784931;785938
chr3;786206;787686
chr3;787866;790270
chr3;790379;791035
chr3;791534;792469
chr3;792700;793851
chr3;794660;796687
chr3;797010;798977
chr3;95291;96700
chr3;799471;800739
chr3;801269;803939
chr3;804433;805374
chr3;805371;810017
chr3;810153;810812
chr3;810755;811948
chr3;812076;812834
chr3;813044;813583
chr3;813951;815075
chr3;815170;815673
chr3;97253;98107
chr3;816203;816562
chr3;816979;819138
chr3;819429;819500
chr3;819503;821275
chr3;821729;824620
chr3;825970;830307
chr3;98492;98564
chr3;831092;833175
chr3;833311;835900
chr3;836478;841001
chr3;842264;844258
chr3;844337;848053
chr3;98668;99792
chr3;848597;848929
chr3;849207;853817
chr3;853978;855174
chr3;99666;99946
chr3;855744;861053
chr3;861731;863782
chr3;864278;865026
chr3;865133;866887
chr3;867619;868404
chr3;868396;876132
chr3;876908;879043
chr3;100292;101125
chr3;879363;880412
chr3;880672;881037
chr3;881241;884060
chr3;885038;886066
chr3;886403;889750
chr3;890115;891932
chr3;892814;897439
chr3;897496;898854
chr3;899316;899634
chr3;900048;901961
chr3;101820;102212
chr3;902328;903908
chr3;904632;906038
chr3;906689;911434
chr3;912082;913554
chr3;913771;916077
chr3;916427;917842
chr3;918663;919105
chr3;919484;920242
chr3;920684;922669
chr3;922671;924260
chr3;102753;104443
chr3;924914;928112
chr3;928941;930581
chr3;931097;931417
chr3;931639;932007
chr3;932693;936502
chr3;937360;937836
chr3;938035;938991
chr3;940090;942225
chr3;942690;945116
chr3;945329;946488
chr3;104162;107344
chr3;947306;948691
chr3;948772;949191
chr3;949723;952200
chr3;952513;954473
chr3;955802;959460
chr3;959837;961399
chr3;962253;963734
chr3;963908;965411
chr3;965793;968900
chr3;969037;969741
chr3;108524;110812
chr3;970361;973384
chr3;973452;975605
chr3;976034;977593
chr3;978676;979448
chr3;979945;981602
chr3;981926;982825
chr3;983461;986418
chr3;987327;987866
chr3;988193;990592
chr3;990605;992134
chr3;10839;12974
chr3;111116;113851
chr3;992374;992736
chr3;992935;993672
chr3;994166;994954
chr3;996307;997071
chr3;997518;998475
chr3;998941;999975
chr3;1000231;1004184
chr3;1004377;1006628
chr3;1006514;1007542
chr3;1007867;1016503
chr3;114509;119464
chr3;1016971;1017753
chr3;1018040;1020139
chr3;1020235;1020570
chr3;1021057;1023648
chr3;1024057;1024130
chr3;1024495;1028790
chr3;1029228;1031663
chr3;1031973;1033202
chr3;1033268;1037137
chr3;1037489;1041136
chr3;1041688;1045225
chr3;120105;122780
chr3;1045394;1050100
chr3;1050208;1054263
chr3;1054379;1058727
chr3;1059044;1060720
chr3;1061028;1064369
chr3;1064572;1068479
chr3;1068879;1072397
chr3;1072579;1076109
chr3;1076475;1080285
chr3;1080771;1085237
chr3;122821;136083
chr3;1085422;1086090
chr3;1086170;1088425
chr3;1089908;1091017
chr3;1092199;1092810
chr3;1093174;1094793
chr3;1095212;1096489
chr3;136878;138215
chr3;139340;140827
chr3;140810;141421
chr3;141730;142386
chr3;142478;144082
chr3;144713;145813
chr3;145951;146884
chr3;147172;148470
chr3;14255;17881
chr3;148958;150142
chr3;150949;152118
chr3;152635;154686
chr3;155559;162416
chr3;162614;164089
chr3;164602;166083
chr3;166501;168153
chr3;169085;170428
chr3;170792;172858
chr3;173488;177009
chr3;17922;18671
chr3;177562;181851
chr3;182378;182450
chr3;182633;184460
chr3;186592;187320
chr3;186754;187701
chr3;188831;191445
chr3;191587;195326
chr3;195659;198245
chr3;198832;198951
chr3;199405;199524
chr3;200085;200204
chr3;200540;202288
chr3;202658;204189
chr3;204252;209715
chr3;209803;213934
chr3;18835;19488
chr3;213618;217580
chr3;218067;253157
chr3;254389;255648
chr3;255929;256984
chr3;257380;257964
chr3;259796;260685
chr3;260720;261238
chr3;261918;263036
chr3;263186;264559
chr3;264787;266397
chr3;19612;21099
chr3;266722;267534
chr3;267695;270655
chr3;271495;271923
chr3;274210;274590
chr3;274806;276119
chr3;276494;277429
chr3;277955;278524
chr3;278955;279026
chr3;279294;280141
chr3;280483;280893
chr3;281372;282713
chr3;22028;24250
chr3;282501;283145
chr3;283644;284480
chr3;285974;287590
chr3;288016;288788
chr3;288730;289751
chr3;289618;290244
chr3;290983;293103
chr3;293124;293684
chr3;294291;294764
chr3;294997;296356
chr3;296534;297600
chr4;1452;1934
chr4;24378;25450
chr4;269037;269498
chr4;270169;275757
chr4;275725;278476
chr4;279257;280315
chr4;280700;282781
chr4;283699;284403
chr4;284544;286583
chr4;286946;287479
chr4;25464;27320
chr4;288103;289770
chr4;289950;290438
chr4;291938;295417
chr4;296292;297641
chr4;298153;299217
chr4;299271;299791
chr4;300413;301342
chr4;301687;302403
chr4;302505;304313
chr4;304918;306608
chr4;306914;307246
chr4;307629;308036
chr4;27620;29347
chr4;308058;309026
chr4;309668;311083
chr4;311572;312363
chr4;29322;30151
chr4;312998;313381
chr4;313823;316591
chr4;317805;318110
chr4;318148;318624
chr4;318625;319461
chr4;320037;320957
chr4;30523;32928
chr4;320921;322615
chr4;323392;325185
chr4;325591;327996
chr4;328575;331034
chr4;331046;333475
chr4;334303;337179
chr4;337443;339503
chr4;340098;344570
chr4;345027;349835
chr4;350293;354861
chr4;33039;37160
chr4;355829;357844
chr4;358133;358837
chr4;359027;360340
chr4;360966;362105
chr4;364148;366844
chr4;366901;367326
chr4;368103;371536
chr4;371628;375098
chr4;375151;376359
chr4;37556;39023
chr4;377206;377583
chr4;377746;378504
chr4;378780;379391
chr4;380394;381455
chr4;382532;384061
chr4;385053;386394
chr4;386458;387276
chr4;388166;388237
chr4;387546;387617
chr4;388362;389616
chr4;389936;392199
chr4;392508;395543
chr4;397428;404896
chr4;39095;39976
chr4;405598;409584
chr4;409604;411409
chr4;412359;414795
chr4;414730;414825
chr4;415490;416128
chr4;416315;418177
chr4;418453;419227
chr4;419490;419837
chr4;420130;420970
chr4;421504;422514
chr4;422712;427415
chr4;40092;40415
chr4;427863;430303
chr4;430700;435100
chr4;435732;436985
chr4;437011;439686
chr4;440059;443136
chr4;443131;443463
chr4;443625;445610
chr4;445901;446629
chr4;447600;449033
chr4;449276;449983
chr4;40500;44924
chr4;450307;450954
chr4;451155;451508
chr4;452593;454548
chr4;454845;455300
chr4;455563;458079
chr4;458367;460814
chr4;460939;463087
chr4;463174;463842
chr4;464580;468011
chr4;468305;471797
chr4;45227;51526
chr4;472056;472487
chr4;472744;474189
chr4;474369;477346
chr4;477602;479056
chr4;479399;479920
chr4;480010;480744
chr4;480806;481918
chr4;482437;483111
chr4;483253;484332
chr4;484551;486072
chr4;4410;5417
chr4;52198;57699
chr4;486643;488106
chr4;488556;489986
chr4;490068;492417
chr4;492507;492591
chr4;492786;493415
chr4;493594;494740
chr4;494710;494975
chr4;495056;498181
chr4;498538;499599
chr4;499796;501109
chr4;501174;502253
chr4;502573;504324
chr4;504941;505341
chr4;58004;59266
chr4;505714;507069
chr4;507143;507886
chr4;508103;510010
chr4;510763;512244
chr4;512337;513365
chr4;513678;514844
chr4;514926;517109
chr4;517451;518566
chr4;519008;521338
chr4;521347;524745
chr4;525136;526788
chr4;59700;60399
chr4;527010;530720
chr4;531200;533932
chr4;533975;534367
chr4;534860;536518
chr4;536583;540548
chr4;540839;541765
chr4;542681;543637
chr4;544066;545208
chr4;545269;546030
chr4;546241;547013
chr4;6504;6784
chr4;60472;61785
chr4;547286;550489
chr4;550635;551321
chr4;551858;554347
chr4;554386;554700
chr4;554833;555282
chr4;555778;556830
chr4;557311;558519
chr4;558679;560358
chr4;560351;562738
chr4;563209;564624
chr4;564697;564779
chr4;565241;567670
chr4;63499;64800
chr4;567738;568384
chr4;568759;570690
chr4;570764;572563
chr4;65619;66121
chr4;573055;575568
chr4;575789;576376
chr4;576379;576942
chr4;576982;577881
chr4;578026;580560
chr4;580799;581401
chr4;581757;582470
chr4;66523;67613
chr4;583121;583624
chr4;583955;585103
chr4;585204;586028
chr4;586402;587094
chr4;587806;589011
chr4;589017;590094
chr4;590200;590550
chr4;590874;591538
chr4;591689;594367
chr4;594844;596340
chr4;596362;596435
chr4;596652;599096
chr4;599113;600159
chr4;68164;72818
chr4;600339;601376
chr4;601656;602339
chr4;602366;603340
chr4;603646;604963
chr4;605068;606948
chr4;607230;608060
chr4;608425;618810
chr4;618848;619618
chr4;619815;625217
chr4;625658;625873
chr4;72892;73749
chr4;625975;627930
chr4;628187;628420
chr4;628597;633183
chr4;633533;636496
chr4;636516;637382
chr4;637507;638796
chr4;638965;639300
chr4;639510;641183
chr4;641190;642275
chr4;642529;643815
chr4;73923;75710
chr4;644065;645201
chr4;646428;649708
chr4;650052;651044
chr4;651418;652194
chr4;652232;653041
chr4;653246;655303
chr4;656392;657771
chr4;657854;659386
chr4;659383;660693
chr4;660812;662845
chr4;75965;78224
chr4;663261;703502
chr4;703627;705711
chr4;705725;707548
chr4;707873;709918
chr4;709971;710044
chr4;710150;711226
chr4;711619;712686
chr4;712690;713783
chr4;713838;715733
chr4;716208;716282
chr4;715883;715954
chr4;716001;718115
chr4;718129;719592
chr4;7692;9168
chr4;78301;79915
chr4;719728;721836
chr4;722651;723466
chr4;723572;724726
chr4;725026;726018
chr4;726209;727525
chr4;727727;728824
chr4;729036;729428
chr4;729503;730163
chr4;730437;730916
chr4;731601;733217
chr4;9437;9703
chr4;80208;81236
chr4;733655;738550
chr4;738835;741263
chr4;741862;743460
chr4;743477;744235
chr4;744344;745527
chr4;745604;748142
chr4;748419;749995
chr4;750069;750485
chr4;750766;752330
chr4;752525;753045
chr4;753135;753710
chr4;9890;11383
chr4;81699;82272
chr4;753870;754609
chr4;754741;755458
chr4;755495;756899
chr4;756942;759326
chr4;760091;761269
chr4;761266;763299
chr4;763400;763854
chr4;764923;767343
chr4;767790;770045
chr4;771861;773408
chr4;83059;83517
chr4;774611;775405
chr4;775567;777498
chr4;777932;778483
chr4;778505;780992
chr4;781535;784658
chr4;785258;787486
chr4;788621;789905
chr4;790625;792307
chr4;792611;793210
chr4;793422;794168
chr4;794561;798541
chr4;83692;85515
chr4;798953;801578
chr4;803121;806256
chr4;807429;810299
chr4;811153;817539
chr4;817710;820097
chr4;821305;830094
chr4;831237;833465
chr4;834026;835351
chr4;835841;837187
chr4;837221;838831
chr4;85918;86763
chr4;839264;839680
chr4;839742;840365
chr4;840597;843605
chr4;844538;850791
chr4;851496;852601
chr4;853086;856775
chr4;857901;859496
chr4;859814;862847
chr4;862776;865477
chr4;866273;869053
chr4;87283;89964
chr4;869376;872354
chr4;872852;874600
chr4;875199;875815
chr4;876389;880768
chr4;881373;882546
chr4;882949;884993
chr4;885574;886026
chr4;887492;889411
chr4;889721;891409
chr4;892706;895846
chr4;90500;92170
chr4;897323;898090
chr4;898429;901668
chr4;902735;906688
chr4;907689;908314
chr4;908424;910080
chr4;909330;909861
chr4;910358;911122
chr4;912169;914109
chr4;914874;915476
chr4;916442;919564
chr4;919761;920129
chr4;920935;921936
chr4;93000;94733
chr4;922317;923426
chr4;923912;925426
chr4;925509;928196
chr4;929578;934788
chr4;935717;942280
chr4;942785;944464
chr4;945289;947624
chr4;948120;954326
chr4;954375;955583
chr4;956183;956893
chr4;95154;96257
chr4;956900;957871
chr4;960598;961611
chr4;964428;965504
chr4;965456;966511
chr4;966735;967118
chr4;968903;972130
chr4;972685;973158
chr4;973686;976271
chr4;977086;979740
chr4;979991;981733
chr4;980497;980622
chr4;11623;13671
chr4;96659;98712
chr4;982096;982554
chr4;982946;985162
chr4;986590;987872
chr4;988161;989154
chr4;989612;991048
chr4;98644;98730
chr4;992035;993840
chr4;994339;997611
chr4;997697;998011
chr4;998380;999801
chr4;1000531;1003722
chr4;98930;100087
chr4;1004816;1005754
chr4;1006655;1007620
chr4;1008650;1011448
chr4;1012442;1013392
chr4;1014056;1018393
chr4;1019851;1020876
chr4;1021737;1023107
chr4;1023589;1024050
chr4;1024001;1024372
chr4;1024488;1024859
chr4;100590;101411
chr4;1025232;1026329
chr4;1026816;1029170
chr4;1029346;1034490
chr4;1034931;1037333
chr4;1037652;1041104
chr4;1041430;1043338
chr4;1043942;1044889
chr4;1045424;1046712
chr4;1046751;1049390
chr4;101524;103743
chr4;1049810;1052122
chr4;1052430;1053521
chr4;1054102;1055622
chr4;1055778;1058384
chr4;1059685;1061430
chr4;1062437;1064107
chr4;1064610;1067150
chr4;1067523;1069496
chr4;1070123;1072630
chr4;1072944;1073618
chr4;1073561;1074677
chr4;104416;107859
chr4;1075335;1076315
chr4;1076585;1079729
chr4;1079856;1081106
chr4;1081550;1085584
chr4;1085928;1087610
chr4;1088058;1089653
chr4;1090295;1092049
chr4;1092830;1094059
chr4;1095136;1097952
chr4;107852;115123
chr4;1099131;1101460
chr4;1102420;1103291
chr4;116180;117794
chr4;117882;118673
chr4;119046;123077
chr4;123990;129012
chr4;13731;14279
chr4;129551;132704
chr4;133828;139245
chr4;141204;142361
chr4;142556;143707
chr4;144457;146113
chr4;146202;147293
chr4;147999;148916
chr4;149459;151037
chr4;152085;154930
chr4;156397;156786
chr4;14423;16792
chr4;157277;159193
chr4;160341;162674
chr4;162845;163632
chr4;17604;18169
chr4;163623;164222
chr4;164601;171893
chr4;172099;178039
chr4;178291;179201
chr4;179439;182255
chr4;182782;184824
chr4;186505;192309
chr4;17944;20348
chr4;192796;194085
chr4;194610;195284
chr4;195769;196812
chr4;197806;199617
chr4;199497;200304
chr4;200514;201143
chr4;201199;203641
chr4;203671;204632
chr4;205052;206001
chr4;206724;211043
chr4;211840;217233
chr4;217578;217826
chr4;20603;23113
chr4;217884;219329
chr4;220314;222125
chr4;222765;224978
chr4;225070;226047
chr4;226267;227281
chr4;227783;234058
chr4;234598;238877
chr4;239167;242551
chr4;242653;244674
chr4;245557;245885
chr4;23112;24120
chr4;246698;249826
chr4;250370;252022
chr4;253576;255153
chr4;255590;258288
chr4;258992;259873
chr4;260137;261792
chr4;261816;262721
chr4;263065;265638
chr4;265193;267011
chr4;267836;268789
chr5;399947;401212
chr5;670511;670608
chr5;10685;16339
chr5;133655;134548
chr5;3913;6269
chr5;31050;34420
chr5;240510;243116
chr5;244398;246713
chr5;246793;248313
chr5;248449;249651
chr5;249966;250613
chr5;250651;251883
chr5;251884;252543
chr5;252748;253509
chr5;253695;255035
chr5;255455;256570
chr5;34633;37201
chr5;256759;258249
chr5;258264;259019
chr5;259409;261139
chr5;261154;262473
chr5;262718;264052
chr5;264078;265381
chr5;265539;266828
chr5;266934;269189
chr5;269264;271752
chr5;271851;273023
chr5;37358;38494
chr5;273104;275065
chr5;275246;276478
chr5;277001;278065
chr5;278259;279011
chr5;279026;281278
chr5;281757;284075
chr5;284192;285134
chr5;285355;286482
chr5;286486;289287
chr5;289441;291081
chr5;39268;45033
chr5;291182;292360
chr5;292454;293269
chr5;293550;294653
chr5;294914;295675
chr5;295838;296659
chr5;296656;297051
chr5;297063;303134
chr5;303204;304382
chr5;304428;305333
chr5;305393;306448
chr5;306780;307718
chr5;45071;45776
chr5;307969;308701
chr5;308704;310641
chr5;310956;314008
chr5;314498;319303
chr5;319384;320532
chr5;320826;322973
chr5;323036;323749
chr5;324059;327763
chr5;328032;335810
chr5;46455;49181
chr5;335909;336879
chr5;337035;339251
chr5;339710;340365
chr5;341003;341734
chr5;341817;343199
chr5;343481;343765
chr5;343845;344528
chr5;344622;345230
chr5;345541;347043
chr5;347124;348257
chr5;49652;50137
chr5;348397;349485
chr5;349491;350456
chr5;350464;353238
chr5;353407;355065
chr5;355319;356248
chr5;356822;357379
chr5;357544;358494
chr5;358601;359700
chr5;359928;360401
chr5;360652;364731
chr5;364672;366406
chr5;50997;54854
chr5;366453;367523
chr5;368256;370268
chr5;370716;371051
chr5;371054;372178
chr5;372250;373608
chr5;373836;375047
chr5;375114;375662
chr5;376005;376562
chr5;377469;381605
chr5;381916;382443
chr5;55321;55944
chr5;383036;385168
chr5;385680;386294
chr5;386493;387317
chr5;387476;387947
chr5;388146;389183
chr5;389237;391231
chr5;391468;393480
chr5;393686;395899
chr5;395906;396817
chr5;396939;398591
chr5;398945;399910
chr5;56929;57969
chr5;401509;402891
chr5;403221;403847
chr5;404060;404998
chr5;405352;412887
chr5;413552;414430
chr5;414502;415851
chr5;416203;416574
chr5;416895;419543
chr5;419572;420341
chr5;419572;422695
chr5;6771;9053
chr5;57990;58331
chr5;423268;425274
chr5;425489;427576
chr5;427901;429142
chr5;429474;430079
chr5;430093;431064
chr5;431533;433845
chr5;434072;435925
chr5;436753;443124
chr5;443937;449348
chr5;449901;451946
chr5;58702;61959
chr5;451994;453778
chr5;453846;454592
chr5;454733;455536
chr5;456052;459279
chr5;459862;461580
chr5;462634;463695
chr5;464139;464609
chr5;465523;466019
chr5;466101;466649
chr5;467078;472181
chr5;472607;474228
chr5;62047;64729
chr5;475146;476948
chr5;477669;478440
chr5;478563;479153
chr5;479628;480832
chr5;481174;482448
chr5;483031;487350
chr5;488364;489287
chr5;490134;490215
chr5;490246;491658
chr5;491724;492353
chr5;492420;493628
chr5;65212;66606
chr5;493950;494712
chr5;494816;499824
chr5;500124;500197
chr5;500291;500364
chr5;501018;501872
chr5;501946;503133
chr5;503754;505532
chr5;505670;507840
chr5;506344;507840
chr5;508184;508933
chr5;509047;509565
chr5;509953;511038
chr5;511961;513607
chr5;67032;67698
chr5;514037;515005
chr5;515321;517210
chr5;517542;521456
chr5;519738;520573
chr5;523263;524166
chr5;524440;526893
chr5;527284;530763
chr5;531274;533847
chr5;534143;535480
chr5;535708;536260
chr5;536858;540082
chr5;540832;541808
chr5;68036;70223
chr5;542141;547000
chr5;547772;548659
chr5;548936;550058
chr5;71109;71987
chr5;550206;553157
chr5;553904;557565
chr5;557459;559667
chr5;559888;562341
chr5;562481;563587
chr5;564326;565027
chr5;565972;567790
chr5;73743;76526
chr5;567917;569772
chr5;569998;571456
chr5;571677;573911
chr5;574264;575070
chr5;576213;578426
chr5;579325;580125
chr5;580346;584167
chr5;584492;585938
chr5;586257;590101
chr5;590166;592576
chr5;76438;77697
chr5;593217;594279
chr5;594601;595323
chr5;595932;602385
chr5;602733;604736
chr5;605247;607029
chr5;607696;610788
chr5;611571;612692
chr5;613413;614277
chr5;614659;615045
chr5;615540;617153
chr5;77637;78599
chr5;618234;618641
chr5;619174;621294
chr5;621362;622045
chr5;623111;630019
chr5;630171;638108
chr5;638491;639824
chr5;640137;642152
chr5;642298;645587
chr5;646910;647980
chr5;648004;650147
chr5;650691;651816
chr5;78908;79669
chr5;652478;653764
chr5;654091;655620
chr5;656146;658794
chr5;658920;663835
chr5;663602;664393
chr5;664282;666368
chr5;666729;675086
chr5;675327;677621
chr5;10174;10578
chr5;80855;82294
chr5;677863;679043
chr5;679186;681333
chr5;681736;684252
chr5;684511;685005
chr5;685126;685820
chr5;686723;687647
chr5;687703;688899
chr5;689328;692051
chr5;692298;692783
chr5;82077;84880
chr5;693579;697847
chr5;698482;707163
chr5;708337;709521
chr5;709549;723891
chr5;724552;731452
chr5;735027;735098
chr5;735608;736889
chr5;738180;738638
chr5;739394;740425
chr5;740713;741594
chr5;85022;86443
chr5;742647;745092
chr5;745520;749296
chr5;750126;751058
chr5;751512;752177
chr5;752982;753054
chr5;753109;754654
chr5;754751;755266
chr5;756308;757664
chr5;758591;759001
chr5;759060;759964
chr5;87296;90799
chr5;760672;767279
chr5;767542;769121
chr5;769296;769625
chr5;769873;770734
chr5;771153;772534
chr5;773124;774111
chr5;774215;774880
chr5;775378;778437
chr5;779414;781299
chr5;781691;792820
chr5;91231;92199
chr5;792856;794376
chr5;795220;796707
chr5;797242;808851
chr5;809156;810427
chr5;810725;811036
chr5;811217;812039
chr5;812480;814676
chr5;814822;816132
chr5;816200;817689
chr5;817999;818892
chr5;92426;93136
chr5;819187;820632
chr5;821226;821930
chr5;822087;822428
chr5;822694;823257
chr5;823635;824132
chr5;824364;826310
chr5;826610;827347
chr5;827527;829825
chr5;830375;834847
chr5;835402;836424
chr5;836638;837967
chr5;94171;95807
chr5;838480;839853
chr5;842020;844015
chr5;844231;845758
chr5;846092;849015
chr5;849396;850476
chr5;850855;851631
chr5;851951;853296
chr5;853417;853977
chr5;854010;855299
chr5;855564;856727
chr5;856997;858174
chr5;96338;97931
chr5;858477;860558
chr5;861116;861834
chr5;862479;862874
chr5;862959;864374
chr5;864803;865234
chr5;865743;866910
chr5;867266;867706
chr5;867830;869827
chr5;870326;871177
chr5;871253;871870
chr5;97990;98604
chr5;872337;873514
chr5;874235;875278
chr5;876713;878044
chr5;878801;881332
chr5;881447;881986
chr5;882196;882717
chr5;884674;887574
chr5;888094;888468
chr5;888593;891148
chr5;891544;892800
chr5;892805;893779
chr5;99061;103207
chr5;894477;897635
chr5;898004;899560
chr5;899648;900743
chr5;900843;901415
chr5;902240;904556
chr5;903212;903289
chr5;904880;905803
chr5;906564;907664
chr5;909173;910442
chr5;910371;911303
chr5;911694;913430
chr5;914342;916534
chr5;103870;106923
chr5;917062;919095
chr5;919570;920811
chr5;921042;921497
chr5;922542;924155
chr5;924426;926924
chr5;927732;928658
chr5;928816;929412
chr5;929663;930902
chr5;932175;933530
chr5;934680;938795
chr5;107073;108116
chr5;938972;940882
chr5;941598;943007
chr5;943098;943688
chr5;944085;944858
chr5;945568;946422
chr5;946864;949215
chr5;949600;950562
chr5;951566;953077
chr5;953847;954886
chr5;957763;959019
chr5;959274;961839
chr5;109548;113846
chr5;962009;962492
chr5;963041;964155
chr5;964603;966216
chr5;967322;970411
chr5;971574;973958
chr5;975355;978023
chr5;978260;979735
chr5;980145;981737
chr5;981932;983416
chr5;983447;987211
chr5;114187;114481
chr5;987636;989942
chr5;989984;991414
chr5;992065;992586
chr5;992759;993442
chr5;993554;993907
chr5;994155;997504
chr5;997697;1002185
chr5;1002504;1005063
chr5;1005316;1005801
chr5;1007134;1009524
chr5;115516;116067
chr5;1009992;1012038
chr5;1012277;1013236
chr5;1013736;1015241
chr5;1015520;1018672
chr5;1018878;1019486
chr5;1019827;1023117
chr5;1023555;1024577
chr5;1025381;1027351
chr5;1027762;1034523
chr5;1034616;1042691
chr5;116776;117997
chr5;1042849;1044048
chr5;1045448;1046236
chr5;1046459;1048655
chr5;118428;118851
chr5;1048666;1049484
chr5;1052933;1053964
chr5;1054875;1055300
chr5;1058710;1060041
chr5;1060327;1061426
chr5;1069943;1070718
chr5;1072860;1073618
chr5;119048;120133
chr5;1074263;1074997
chr5;1075546;1076325
chr5;120144;120677
chr5;121183;121905
chr5;121908;123023
chr5;16600;19535
chr5;123315;124159
chr5;124234;129363
chr5;130065;131285
chr5;131612;131687
chr5;132168;133525
chr5;135865;138873
chr5;138995;141818
chr5;142317;142724
chr5;142741;145725
chr5;145346;146419
chr5;19587;20518
chr5;146673;147929
chr5;147932;152003
chr5;152194;152931
chr5;153067;154374
chr5;154612;156124
chr5;156582;158761
chr5;159111;159713
chr5;159815;161254
chr5;161703;162958
chr5;163332;165530
chr5;20614;24230
chr5;166892;168415
chr5;169177;171118
chr5;171408;173278
chr5;173712;181030
chr5;179330;179438
chr5;181128;182540
chr5;183078;184984
chr5;185236;187080
chr5;187172;189692
chr5;189769;190407
chr5;190926;194648
chr5;194666;195788
chr5;196226;197872
chr5;25004;27420
chr5;197925;199538
chr5;199808;206824
chr5;207068;209212
chr5;209660;212365
chr5;213283;214221
chr5;214590;214967
chr5;215099;215695
chr5;216366;216941
chr5;217251;218628
chr5;219247;222105
chr5;28635;30947
chr5;222134;224076
chr5;224107;225192
chr5;225419;228190
chr5;228276;229066
chr5;229142;229773
chr5;229927;230385
chr5;230915;232192
chr5;232218;232952
chr5;233326;233940
chr5;234117;234917
chr5;234674;240969
chr6;590972;592387
chr6;70795;71611
chr6;1123711;1124587
chr6;1125291;1125943
chr6;4914;6063
chr6;29168;30154
chr6;251482;252453
chr6;252665;254812
chr6;255822;256784
chr6;256848;259177
chr6;259815;260360
chr6;260738;262434
chr6;262495;264171
chr6;265323;266012
chr6;266434;267560
chr6;269107;269581
chr6;269763;271054
chr6;30271;31140
chr6;271684;273288
chr6;273542;274918
chr6;275875;278328
chr6;278456;278529
chr6;278644;280470
chr6;280759;283369
chr6;283532;284876
chr6;285010;287136
chr6;287586;288837
chr6;289177;296403
chr6;296648;297391
chr6;31940;33385
chr6;297484;298308
chr6;298377;299066
chr6;298735;299205
chr6;299243;299629
chr6;300209;301578
chr6;301625;302092
chr6;302408;304012
chr6;304135;308595
chr6;308627;310399
chr6;310615;315279
chr6;315664;316287
chr6;33720;36335
chr6;316408;317472
chr6;317919;319217
chr6;319319;320077
chr6;320285;321864
chr6;322152;325769
chr6;326265;327797
chr6;328283;328906
chr6;328383;328986
chr6;329195;330205
chr6;330921;332243
chr6;332402;333090
chr6;37353;40136
chr6;333235;333891
chr6;333918;337268
chr6;337316;339741
chr6;339946;342270
chr6;342453;343376
chr6;343832;345967
chr6;346205;348697
chr6;348794;349879
chr6;350153;352792
chr6;353003;354813
chr6;354959;355546
chr6;40863;41747
chr6;355682;356675
chr6;357440;359524
chr6;359698;361383
chr6;361402;363701
chr6;363895;365013
chr6;365386;365967
chr6;366127;367023
chr6;368614;369651
chr6;369717;371165
chr6;371856;375410
chr6;42328;44400
chr6;375815;376123
chr6;377439;379214
chr6;379261;380486
chr6;380759;381498
chr6;381666;382499
chr6;383037;384140
chr6;384460;385077
chr6;385413;388793
chr6;388808;390139
chr6;390260;391738
chr6;391747;394131
chr6;44543;45486
chr6;394483;395124
chr6;395149;396906
chr6;397247;398092
chr6;398173;398709
chr6;398797;415425
chr6;415804;416796
chr6;416876;419707
chr6;419877;421883
chr6;422089;423834
chr6;423887;426766
chr6;45826;47376
chr6;426863;427630
chr6;427739;428413
chr6;428465;429302
chr6;429447;430922
chr6;430954;432672
chr6;432862;433741
chr6;433925;434269
chr6;434297;434821
chr6;434939;435793
chr6;435968;436398
chr6;48415;50244
chr6;436868;439012
chr6;439165;439701
chr6;439761;442538
chr6;442774;444588
chr6;444606;447443
chr6;448427;450841
chr6;451005;453434
chr6;454167;461168
chr6;461486;462106
chr6;462140;465175
chr6;8697;9905
chr6;50474;51847
chr6;465283;470313
chr6;470588;471634
chr6;473447;475615
chr6;475792;476646
chr6;476991;484985
chr6;485005;488325
chr6;488900;493666
chr6;493979;494052
chr6;494191;499080
chr6;52448;55999
chr6;499428;504365
chr6;504515;507409
chr6;507423;508067
chr6;508378;509429
chr6;510140;513757
chr6;513892;515427
chr6;515551;515627
chr6;515992;516795
chr6;516873;517529
chr6;517625;518143
chr6;518359;521178
chr6;521364;522590
chr6;56249;57080
chr6;522605;524470
chr6;524705;525568
chr6;526562;527593
chr6;527932;529425
chr6;529630;534145
chr6;534230;535426
chr6;535868;538180
chr6;538257;540332
chr6;540441;541730
chr6;541760;543289
chr6;57463;58794
chr6;543733;549753
chr6;549965;551041
chr6;551141;556105
chr6;556628;557536
chr6;557965;559764
chr6;559833;560696
chr6;560698;561687
chr6;562047;564155
chr6;564167;565605
chr6;565632;568186
chr6;59087;62254
chr6;568294;568648
chr6;568770;569120
chr6;569149;569958
chr6;570063;570379
chr6;570642;571202
chr6;571412;572203
chr6;572584;575289
chr6;575712;576191
chr6;576391;578358
chr6;578542;579570
chr6;579848;582241
chr6;582486;582568
chr6;62852;64169
chr6;582781;587235
chr6;587288;587952
chr6;588105;589085
chr6;589125;589899
chr6;590100;591038
chr6;592373;593515
chr6;594030;597434
chr6;597597;598694
chr6;599477;602260
chr6;602368;604026
chr6;64805;65956
chr6;605218;607296
chr6;607743;608465
chr6;609137;609928
chr6;65859;68190
chr6;610339;615168
chr6;610993;611100
chr6;615165;616874
chr6;617356;618177
chr6;618318;621644
chr6;621669;623141
chr6;623524;626271
chr6;627932;628909
chr6;629650;632223
chr6;632655;634205
chr6;634806;636071
chr6;68282;70221
chr6;636840;637613
chr6;637918;638952
chr6;640116;641315
chr6;641324;642409
chr6;642493;643956
chr6;644413;646611
chr6;646745;649018
chr6;649529;649950
chr6;650294;650834
chr6;650789;651904
chr6;652079;654913
chr6;655036;657129
chr6;657149;657799
chr6;657996;659662
chr6;659941;660968
chr6;661542;663635
chr6;664061;664813
chr6;664859;665881
chr6;666244;667464
chr6;71696;72649
chr6;667512;668174
chr6;668227;668835
chr6;669351;669935
chr6;670394;671659
chr6;671820;676034
chr6;676270;680673
chr6;681658;684474
chr6;684848;685588
chr6;686019;687779
chr6;688071;688958
chr6;689607;690389
chr6;10961;11782
chr6;73060;73722
chr6;690513;691482
chr6;691946;694431
chr6;695287;696570
chr6;696887;701221
chr6;701430;702734
chr6;703182;707242
chr6;707708;708459
chr6;708998;710797
chr6;711363;713315
chr6;713776;718272
chr6;718473;719009
chr6;75254;78471
chr6;719165;720298
chr6;720782;724354
chr6;721705;722103
chr6;725568;727952
chr6;77540;78537
chr6;727984;729741
chr6;730336;734211
chr6;734778;736235
chr6;736706;739697
chr6;740347;742824
chr6;743258;743726
chr6;744980;747310
chr6;79625;82051
chr6;747764;749287
chr6;749719;751432
chr6;751604;753452
chr6;753533;755641
chr6;755889;757646
chr6;757825;758613
chr6;758679;759142
chr6;759593;762223
chr6;762455;763567
chr6;764532;767624
chr6;767922;773901
chr6;82081;83021
chr6;774262;775197
chr6;775119;776846
chr6;776937;780173
chr6;780411;781093
chr6;781857;783029
chr6;783609;784891
chr6;785028;786618
chr6;786894;788192
chr6;789249;795725
chr6;83712;84476
chr6;796139;799078
chr6;799324;802110
chr6;802713;805195
chr6;805343;806224
chr6;806549;807118
chr6;807253;808102
chr6;809474;811816
chr6;812429;813160
chr6;813372;815472
chr6;815659;816620
chr6;816654;817786
chr6;818446;819045
chr6;819697;823896
chr6;824432;826825
chr6;827260;828171
chr6;828767;829887
chr6;830028;831647
chr6;832164;832234
chr6;832488;835487
chr6;835676;836503
chr6;836852;838274
chr6;85459;85830
chr6;838583;839332
chr6;840320;841735
chr6;841791;842981
chr6;843717;844989
chr6;845474;847486
chr6;848645;850372
chr6;850601;857593
chr6;858339;859562
chr6;859753;860508
chr6;860727;861359
chr6;861972;863711
chr6;864267;865772
chr6;866381;866560
chr6;867223;867294
chr6;867366;868318
chr6;868907;875716
chr6;876386;877111
chr6;877226;879154
chr6;879891;882559
chr6;883313;883783
chr6;883675;884787
chr6;884904;885533
chr6;886254;887989
chr6;89178;89621
chr6;888235;889906
chr6;890023;891018
chr6;891142;892545
chr6;893193;894095
chr6;894260;896419
chr6;896484;896888
chr6;897551;901998
chr6;900867;901430
chr6;902206;903828
chr6;904102;905523
chr6;905640;905969
chr6;89840;92377
chr6;906625;907659
chr6;907795;909345
chr6;909818;912463
chr6;913002;915758
chr6;917052;917930
chr6;919118;922003
chr6;922197;925670
chr6;925762;926421
chr6;926677;927150
chr6;927808;929115
chr6;12447;13025
chr6;93186;94537
chr6;930566;932503
chr6;932646;933131
chr6;933755;937375
chr6;937901;941014
chr6;941068;944837
chr6;945233;947635
chr6;947933;948671
chr6;948755;951017
chr6;951126;952854
chr6;953737;954768
chr6;95136;96596
chr6;955353;955658
chr6;956063;961367
chr6;961767;962634
chr6;962815;963711
chr6;963978;966068
chr6;966693;971609
chr6;972260;973387
chr6;973878;974966
chr6;975265;978267
chr6;978280;978894
chr6;979594;980262
chr6;97384;98517
chr6;982063;983577
chr6;983987;987541
chr6;988117;989535
chr6;989827;991296
chr6;993549;995078
chr6;995238;998099
chr6;998190;998921
chr6;999185;999988
chr6;1000458;1001828
chr6;1002285;1013702
chr6;99446;99928
chr6;1014221;1016395
chr6;1016628;1022423
chr6;1022484;1023455
chr6;1023742;1024695
chr6;1025214;1029882
chr6;1030424;1031722
chr6;1031812;1032519
chr6;1033141;1034933
chr6;1035694;1037184
chr6;1037387;1039120
chr6;100068;101669
chr6;1039879;1042038
chr6;1042208;1045462
chr6;1045696;1048668
chr6;1048948;1049952
chr6;1050992;1052242
chr6;1052377;1052742
chr6;1053014;1060690
chr6;1063119;1065386
chr6;1066421;1067947
chr6;1068290;1068362
chr6;1068791;1069441
chr6;101705;102787
chr6;1069622;1072729
chr6;1072931;1074880
chr6;1075167;1077363
chr6;1077708;1080745
chr6;1080961;1081932
chr6;1082874;1085639
chr6;1085908;1091682
chr6;1091957;1093402
chr6;1093718;1094677
chr6;1095158;1096132
chr6;103183;103758
chr6;1096773;1097321
chr6;1097645;1098803
chr6;1099081;1099657
chr6;1100123;1100749
chr6;1100963;1103243
chr6;1103677;1106962
chr6;1108801;1110381
chr6;1110682;1112418
chr6;1112675;1114348
chr6;1114399;1116474
chr6;104389;105744
chr6;1116967;1120818
chr6;1121057;1123477
chr6;1126983;1127819
chr6;1128784;1129617
chr6;1129837;1132932
chr6;1134602;1136024
chr6;1136513;1137541
chr6;1137737;1138957
chr6;1138981;1139627
chr6;1139746;1143276
chr6;106404;107630
chr6;1143594;1144913
chr6;1145519;1145845
chr6;1146283;1146606
chr6;1147168;1148889
chr6;1150541;1154654
chr6;1155401;1157131
chr6;1157330;1159546
chr6;1159697;1161391
chr6;1161969;1163174
chr6;1163508;1164848
chr6;107722;109537
chr6;1165608;1166024
chr6;1166660;1168423
chr6;1169246;1170967
chr6;1171011;1171092
chr6;1172150;1174804
chr6;1175436;1176794
chr6;1177490;1178278
chr6;1178768;1180224
chr6;1180368;1182224
chr6;1182375;1182758
chr6;1182792;1183943
chr6;1184354;1184607
chr6;14408;14932
chr6;111056;116959
chr6;1184868;1188731
chr6;1190825;1191352
chr6;1191652;1192570
chr6;1192680;1194049
chr6;1194458;1196467
chr6;1197010;1198473
chr6;1198821;1200431
chr6;1200860;1202581
chr6;116831;118044
chr6;1203161;1204483
chr6;1204646;1205186
chr6;1205304;1213439
chr6;1213658;1214344
chr6;1214652;1216046
chr6;1216456;1217865
chr6;1217955;1219334
chr6;1220015;1221046
chr6;1221053;1223530
chr6;1224123;1226330
chr6;119687;122998
chr6;1231542;1233470
chr6;1234191;1235558
chr6;1236251;1238305
chr6;1238615;1245313
chr6;1246065;1248317
chr6;1248735;1249217
chr6;1249613;1252957
chr6;123307;125532
chr6;1256369;1260277
chr6;1260608;1263418
chr6;1264216;1266936
chr6;1268000;1269697
chr6;1270171;1272519
chr6;1273152;1274612
chr6;1275041;1276078
chr6;1276259;1280491
chr6;1281284;1282915
chr6;125644;128484
chr6;1283113;1285116
chr6;1285380;1287515
chr6;1287837;1291787
chr6;1292454;1293800
chr6;1294457;1298290
chr6;1298956;1304527
chr6;1304878;1306167
chr6;1316162;1316980
chr6;1318890;1319579
chr6;1320106;1320810
chr6;129299;130939
chr6;1321420;1322304
chr6;1325091;1326563
chr6;1326748;1328460
chr6;131470;134481
chr6;134982;135422
chr6;136637;140227
chr6;140668;144264
chr6;17815;22503
chr6;145149;146318
chr6;146322;148321
chr6;148480;150059
chr6;151350;151910
chr6;151937;154681
chr6;155302;157881
chr6;158849;160750
chr6;160857;165680
chr6;166259;171256
chr6;171467;172525
chr6;22636;23934
chr6;173420;174439
chr6;175179;176549
chr6;178806;182072
chr6;182197;188010
chr6;189158;190507
chr6;190951;191973
chr6;192331;195303
chr6;196349;196669
chr6;197262;198038
chr6;198786;200889
chr6;24270;25652
chr6;201480;202930
chr6;203292;204551
chr6;205335;206249
chr6;206578;215695
chr6;216759;218280
chr6;218609;220183
chr6;220378;221157
chr6;221675;223958
chr6;224130;224202
chr6;225101;231192
chr6;231881;232396
chr6;26308;28647
chr6;232437;234578
chr6;235153;235632
chr6;236095;237697
chr6;238149;239412
chr6;239647;241559
chr6;242237;243559
chr6;244163;246363
chr6;246687;248159
chr6;248189;249592
chr6;249843;250958
chr6;471776;473339
chr6;1189262;1190579
chr6;1253061;1255856
chr7;537421;540297
chr7;59148;60311
chr7;1181259;1183538
chr7;175783;178405
chr7;5947;9234
chr7;33467;34501
chr7;243560;244612
chr7;244613;262199
chr7;263294;263728
chr7;263999;264751
chr7;265372;266050
chr7;266304;267623
chr7;267710;268753
chr7;268735;270438
chr7;270576;271625
chr7;273303;274493
chr7;35119;38139
chr7;274498;276510
chr7;276633;278281
chr7;278783;281063
chr7;281248;285850
chr7;286488;288822
chr7;288766;289867
chr7;290391;293966
chr7;293331;298242
chr7;298784;302139
chr7;302385;303068
chr7;303626;306109
chr7;38545;39723
chr7;306249;309290
chr7;310203;310814
chr7;311031;312818
chr7;313022;314585
chr7;314708;315694
chr7;315812;316117
chr7;316366;319494
chr7;319347;332389
chr7;333290;334272
chr7;334718;336457
chr7;9631;12863
chr7;40572;42088
chr7;336939;341390
chr7;342055;344402
chr7;344622;346184
chr7;346374;348875
chr7;349164;353042
chr7;354073;355576
chr7;356988;360026
chr7;360653;361234
chr7;361355;362371
chr7;362520;363521
chr7;42120;44843
chr7;363648;365840
chr7;366691;368926
chr7;369293;369670
chr7;369854;371245
chr7;371387;373336
chr7;373631;374740
chr7;375157;375417
chr7;375651;376685
chr7;376707;378212
chr7;378391;380172
chr7;44866;45528
chr7;380465;383509
chr7;383547;386644
chr7;386876;388267
chr7;388039;389661
chr7;390384;392784
chr7;393422;395944
chr7;396599;397402
chr7;397602;397985
chr7;398244;398620
chr7;398814;401279
chr7;401218;405839
chr7;406465;407649
chr7;45651;46859
chr7;407841;408509
chr7;408732;412198
chr7;412266;412847
chr7;412937;415227
chr7;415311;416858
chr7;417091;418639
chr7;418851;419235
chr7;420330;421404
chr7;422500;425898
chr7;426170;427124
chr7;427236;428264
chr7;428655;429583
chr7;47030;48643
chr7;429622;430498
chr7;431391;433682
chr7;434134;434777
chr7;434856;435793
chr7;434856;441028
chr7;441433;442788
chr7;442872;444089
chr7;444239;448196
chr7;448289;448609
chr7;448689;452600
chr7;452658;455648
chr7;455832;456772
chr7;48787;49227
chr7;457154;461290
chr7;461559;463601
chr7;463776;464396
chr7;464864;466828
chr7;467041;469219
chr7;469258;473358
chr7;473461;474072
chr7;474193;474902
chr7;475102;477558
chr7;49514;51056
chr7;478353;480059
chr7;480221;483031
chr7;483876;484310
chr7;484390;487716
chr7;488171;489865
chr7;490455;491024
chr7;491038;493135
chr7;493647;495122
chr7;495615;497093
chr7;497149;497924
chr7;12762;13457
chr7;51252;52310
chr7;498203;500755
chr7;501194;503107
chr7;503165;503760
chr7;504072;504971
chr7;505448;505529
chr7;505894;506311
chr7;506425;507594
chr7;507646;508301
chr7;508711;511863
chr7;512067;513560
chr7;513781;515154
chr7;52332;53270
chr7;515260;522361
chr7;522699;523714
chr7;523760;524414
chr7;524551;525462
chr7;525531;527108
chr7;527259;527971
chr7;528196;528755
chr7;529734;531122
chr7;531146;533506
chr7;533944;534801
chr7;534923;535815
chr7;535916;536497
chr7;53704;54342
chr7;536624;537220
chr7;540567;543071
chr7;543347;545116
chr7;545687;546592
chr7;546710;547708
chr7;547836;548954
chr7;549624;550022
chr7;550762;551542
chr7;54664;55539
chr7;551759;552259
chr7;552413;554068
chr7;554577;555596
chr7;555687;556526
chr7;556724;563395
chr7;563671;564078
chr7;564031;564558
chr7;565132;566529
chr7;566817;567674
chr7;567743;569041
chr7;569088;570623
chr7;570594;571257
chr7;55790;56701
chr7;571300;571793
chr7;571834;573072
chr7;573460;573807
chr7;574430;575812
chr7;576103;581472
chr7;581505;582869
chr7;583173;584312
chr7;584407;585105
chr7;585486;586208
chr7;586598;587086
chr7;586983;588143
chr7;56707;58965
chr7;588254;589001
chr7;589175;589909
chr7;590476;590859
chr7;591262;592170
chr7;592278;599441
chr7;599728;600090
chr7;600395;601137
chr7;601148;603352
chr7;603645;607211
chr7;607219;610259
chr7;610463;614881
chr7;615052;616794
chr7;616921;620712
chr7;621040;622779
chr7;622848;623807
chr7;623918;625138
chr7;625279;627384
chr7;627987;628949
chr7;629491;631372
chr7;631996;632835
chr7;60927;64424
chr7;632863;636777
chr7;636910;638865
chr7;639264;644612
chr7;644811;646925
chr7;646958;648306
chr7;648648;651188
chr7;651840;659168
chr7;659610;664163
chr7;664264;666720
chr7;666980;668255
chr7;64781;65959
chr7;668327;669079
chr7;669088;669885
chr7;670061;672712
chr7;672878;675271
chr7;675391;675921
chr7;676088;678109
chr7;678303;680780
chr7;681594;685421
chr7;686315;686761
chr7;686799;687860
chr7;66995;68935
chr7;688087;689028
chr7;689161;691164
chr7;691316;693691
chr7;693718;694380
chr7;694862;696469
chr7;696835;698052
chr7;698072;699112
chr7;699218;699718
chr7;700264;701595
chr7;702537;703572
chr7;13964;21388
chr7;69239;74263
chr7;704242;704898
chr7;705286;705900
chr7;706024;707418
chr7;707825;710473
chr7;711473;716437
chr7;716534;718489
chr7;719459;722410
chr7;722698;723477
chr7;723563;725560
chr7;725856;727916
chr7;74341;75947
chr7;727945;729609
chr7;730108;731358
chr7;731533;733293
chr7;733476;734669
chr7;734936;735586
chr7;735769;737682
chr7;737960;739307
chr7;739405;740058
chr7;740276;741946
chr7;742433;743368
chr7;76084;77480
chr7;744818;745813
chr7;746263;747219
chr7;747332;748165
chr7;748341;749054
chr7;749260;749521
chr7;749868;750659
chr7;750977;751768
chr7;751866;755249
chr7;755608;756180
chr7;756985;758850
chr7;78604;80445
chr7;758962;759798
chr7;759910;760206
chr7;760471;763092
chr7;763182;764333
chr7;764585;765130
chr7;765433;767394
chr7;767424;769919
chr7;770007;770957
chr7;771689;772315
chr7;772665;775049
chr7;80687;82885
chr7;776186;776623
chr7;776919;778697
chr7;778751;779251
chr7;779380;781293
chr7;781501;782432
chr7;782487;784394
chr7;784523;785395
chr7;785835;789827
chr7;789816;791734
chr7;791914;792666
chr7;83213;84337
chr7;792775;793581
chr7;793624;796157
chr7;797202;797602
chr7;84517;85063
chr7;797710;799194
chr7;799376;800944
chr7;801272;802720
chr7;802804;803400
chr7;803421;805295
chr7;805408;805797
chr7;805825;807795
chr7;807892;809547
chr7;85466;88324
chr7;809587;811524
chr7;812429;813331
chr7;813417;818646
chr7;814886;816328
chr7;816396;818646
chr7;818775;820412
chr7;820511;821350
chr7;821536;822387
chr7;822605;824968
chr7;825034;827409
chr7;827620;829830
chr7;88427;90610
chr7;830042;830497
chr7;830625;832631
chr7;832784;836610
chr7;836947;838347
chr7;838351;839034
chr7;839162;841546
chr7;841953;842864
chr7;843087;843625
chr7;843577;843915
chr7;844545;846335
chr7;846632;849082
chr7;90845;92584
chr7;849399;858104
chr7;858475;863622
chr7;863848;868113
chr7;868463;870375
chr7;870518;872770
chr7;873022;873735
chr7;873954;877733
chr7;877990;882987
chr7;882867;883461
chr7;883858;885741
chr7;886078;887481
chr7;887508;888581
chr7;92660;93817
chr7;889090;889983
chr7;890190;891887
chr7;892205;892708
chr7;892781;893901
chr7;894022;895212
chr7;895261;896556
chr7;896709;897992
chr7;898124;898558
chr7;899266;901044
chr7;901107;901371
chr7;21516;23990
chr7;94398;96081
chr7;901805;903225
chr7;903438;906113
chr7;906581;912394
chr7;912870;912940
chr7;913086;914998
chr7;915147;915688
chr7;916020;916268
chr7;916642;918684
chr7;918625;920049
chr7;920207;921562
chr7;921611;923686
chr7;924293;924603
chr7;96168;98235
chr7;925062;927459
chr7;927920;929509
chr7;930106;931350
chr7;931545;933071
chr7;933311;934537
chr7;934748;936637
chr7;936766;938679
chr7;938873;939979
chr7;940557;941145
chr7;941477;944866
chr7;99194;105551
chr7;945443;945847
chr7;946136;946520
chr7;946679;947170
chr7;947389;948987
chr7;949072;950904
chr7;951139;952023
chr7;952050;954045
chr7;954257;956077
chr7;956684;957433
chr7;957897;961238
chr7;962078;963643
chr7;106361;107323
chr7;963855;964993
chr7;965402;970399
chr7;970962;971993
chr7;972197;973981
chr7;974078;976090
chr7;976093;985821
chr7;986082;991064
chr7;991518;992632
chr7;992875;993467
chr7;993572;994357
chr7;994500;995597
chr7;107395;109134
chr7;996332;997723
chr7;997891;998868
chr7;998933;1001413
chr7;1001995;1002324
chr7;1002482;1003360
chr7;1003446;1004594
chr7;1005280;1005834
chr7;1006559;1007920
chr7;1007994;1009145
chr7;1009802;1014736
chr7;109479;111373
chr7;1016373;1018883
chr7;1018951;1024424
chr7;1024954;1029554
chr7;1029885;1035560
chr7;1036236;1037342
chr7;1037410;1037718
chr7;1038167;1047415
chr7;1047799;1048479
chr7;1048667;1049032
chr7;1049073;1050281
chr7;111937;116026
chr7;1050381;1052093
chr7;1052267;1053334
chr7;1053808;1056148
chr7;1056106;1056900
chr7;1057017;1057961
chr7;1057988;1058473
chr7;1059463;1060860
chr7;1061110;1061335
chr7;1061610;1062065
chr7;1062186;1063352
chr7;1063482;1066226
chr7;116451;117437
chr7;1066544;1067191
chr7;1067289;1068284
chr7;1068543;1069634
chr7;1070060;1071556
chr7;1071695;1072863
chr7;1073118;1074881
chr7;1074865;1075846
chr7;1076112;1077481
chr7;1077739;1078128
chr7;1078867;1079591
chr7;1079579;1081633
chr7;117651;118833
chr7;1082042;1083901
chr7;1084667;1086805
chr7;1087218;1088469
chr7;1088676;1088769
chr7;1088990;1091854
chr7;1092241;1093047
chr7;1093033;1094123
chr7;1094299;1099113
chr7;1099202;1100083
chr7;1100371;1100859
chr7;1100631;1101902
chr7;1102154;1103538
chr7;119676;120320
chr7;1103751;1107001
chr7;1107433;1108368
chr7;1109160;1110833
chr7;1111441;1113882
chr7;1114119;1115210
chr7;1115821;1115894
chr7;1116378;1118432
chr7;1119415;1121980
chr7;1122479;1122598
chr7;1123150;1123269
chr7;1124061;1124180
chr7;1124880;1131335
chr7;1131455;1151497
chr7;1145137;1145239
chr7;1;421
chr7;24420;24800
chr7;120374;122201
chr7;1152462;1154844
chr7;1155031;1158730
chr7;1157734;1157830
chr7;1159945;1161788
chr7;122317;122911
chr7;1162087;1163868
chr7;1164056;1167312
chr7;1167834;1172021
chr7;1172235;1173396
chr7;1173535;1174150
chr7;1174438;1176450
chr7;1177390;1179244
chr7;1179441;1183538
chr7;1182650;1182753
chr7;1182837;1182958
chr7;1183329;1183406
chr7;1183756;1185126
chr7;1185576;1187087
chr7;1187322;1192196
chr7;1192600;1193804
chr7;1194214;1196103
chr7;1196269;1196637
chr7;1196733;1197263
chr7;1197653;1199005
chr7;1199338;1200579
chr7;122916;125252
chr7;1200737;1201609
chr7;1202176;1203717
chr7;1203926;1205617
chr7;1206034;1206570
chr7;1206874;1208097
chr7;1208518;1209861
chr7;1209995;1210593
chr7;1210580;1212247
chr7;1212959;1214331
chr7;1214772;1216545
chr7;1216853;1217983
chr7;125560;126366
chr7;1218367;1220070
chr7;1220162;1220770
chr7;1221217;1221777
chr7;1221928;1223922
chr7;1224447;1226093
chr7;1227024;1227687
chr7;1228071;1230044
chr7;1230092;1231267
chr7;1231623;1232423
chr7;1232515;1233498
chr7;127075;128475
chr7;1233803;1234411
chr7;1234591;1237433
chr7;1237745;1239316
chr7;1239521;1241266
chr7;1241880;1251569
chr7;1251769;1252773
chr7;1253166;1256066
chr7;1256317;1257525
chr7;1257665;1264636
chr7;1264875;1266063
chr7;128733;129941
chr7;1266272;1270723
chr7;1271197;1271916
chr7;1272574;1275429
chr7;1275748;1276053
chr7;131121;133115
chr7;133561;134919
chr7;135278;138445
chr7;138516;140998
chr7;920;1071
chr7;24835;26389
chr7;141138;142982
chr7;143133;143848
chr7;144638;145849
chr7;145999;146946
chr7;147283;150622
chr7;150767;153261
chr7;153672;154520
chr7;155285;156220
chr7;156633;158972
chr7;159266;159782
chr7;1582;3330
chr7;26721;28662
chr7;160119;160778
chr7;161011;164730
chr7;165418;166512
chr7;167286;167726
chr7;168060;172971
chr7;173025;174167
chr7;174540;175137
chr7;179181;183545
chr7;183951;185426
chr7;186643;187002
chr7;28649;29759
chr7;187679;188503
chr7;189033;190405
chr7;190612;193254
chr7;193360;194838
chr7;195260;195664
chr7;195905;199864
chr7;200606;209061
chr7;209417;210196
chr7;210640;212400
chr7;213280;215574
chr7;29891;32629
chr7;215727;217238
chr7;217652;218866
chr7;219850;223053
chr7;223591;225327
chr7;226389;227249
chr7;228665;230435
chr7;230770;232374
chr7;233298;236476
chr7;236830;241512
chr7;241964;243337
chr8;318410;323095
chr8;383871;384792
chr8;1678;2821
chr8;26745;30723
chr8;275334;276784
chr8;277631;278164
chr8;276880;279571
chr8;279944;281959
chr8;282062;283011
chr8;284638;287009
chr8;287080;289330
chr8;289728;291137
chr8;291137;293245
chr8;293415;294909
chr8;30910;31317
chr8;295052;298957
chr8;299651;300313
chr8;300652;301391
chr8;301571;303704
chr8;304257;305556
chr8;305944;306540
chr8;306920;308769
chr8;308971;310533
chr8;311147;312709
chr8;313840;316468
chr8;317198;318033
chr8;31448;31816
chr8;322772;324104
chr8;324425;326815
chr8;327657;329849
chr8;330306;338492
chr8;343204;345363
chr8;345686;352104
chr8;352522;353022
chr8;352988;354734
chr8;32231;34037
chr8;354919;359774
chr8;359393;360919
chr8;361624;364335
chr8;364558;365439
chr8;365790;374210
chr8;374697;375779
chr8;376162;378717
chr8;378935;380398
chr8;380716;383718
chr8;34159;38547
chr8;385052;386465
chr8;386997;388613
chr8;388625;392332
chr8;393469;395727
chr8;396110;396817
chr8;396923;398293
chr8;398968;402456
chr8;402868;405555
chr8;405778;406547
chr8;406529;408018
chr8;408095;409643
chr8;408095;409643
chr8;408095;409643
chr8;38922;40388
chr8;409824;413018
chr8;413323;418137
chr8;418677;422294
chr8;422465;427903
chr8;427802;428596
chr8;429355;430723
chr8;430638;431307
chr8;431420;433220
chr8;433425;433498
chr8;433647;435089
chr8;434793;438779
chr8;435103;435538
chr8;40350;42477
chr8;439746;442525
chr8;442664;449026
chr8;449677;451337
chr8;451673;452933
chr8;453026;453966
chr8;454005;454831
chr8;455217;456645
chr8;456708;458657
chr8;458851;461302
chr8;461669;461998
chr8;42848;46711
chr8;462348;463790
chr8;464008;465172
chr8;465117;467720
chr8;468516;469706
chr8;469719;474434
chr8;474874;476570
chr8;477182;480904
chr8;481034;481582
chr8;482080;485451
chr8;486063;488456
chr8;489284;490726
chr8;46740;54194
chr8;491552;492649
chr8;493165;494142
chr8;494235;496943
chr8;498156;499541
chr8;499954;501478
chr8;502304;503469
chr8;504274;506388
chr8;506429;507337
chr8;508342;509733
chr8;509796;512230
chr8;512453;513078
chr8;54583;57096
chr8;512768;515509
chr8;515898;518328
chr8;516575;519310
chr8;57611;58303
chr8;519981;530168
chr8;531210;533717
chr8;533574;534431
chr8;533574;534431
chr8;535078;537177
chr8;537316;539207
chr8;539375;540637
chr8;540950;543850
chr8;5285;8059
chr8;58673;62065
chr8;543907;547083
chr8;547790;548972
chr8;549078;550250
chr8;550830;551954
chr8;552000;553158
chr8;553339;559807
chr8;559744;561973
chr8;562370;564751
chr8;564849;566675
chr8;567592;572577
chr8;62255;63616
chr8;572947;574933
chr8;575198;576594
chr8;576659;577336
chr8;577952;579496
chr8;580168;581195
chr8;580758;581069
chr8;581346;582134
chr8;582878;584203
chr8;584485;585286
chr8;586291;587892
chr8;587995;588490
chr8;63744;64316
chr8;588596;590187
chr8;590497;591804
chr8;592392;595023
chr8;595507;595926
chr8;596190;596610
chr8;597200;601252
chr8;601387;604551
chr8;605311;608502
chr8;608287;609733
chr8;610167;610958
chr8;64476;65441
chr8;610946;616825
chr8;616974;617746
chr8;619280;621469
chr8;621963;626094
chr8;625752;626889
chr8;627096;629214
chr8;629576;630767
chr8;630763;632392
chr8;632541;634913
chr8;635458;637308
chr8;65851;66858
chr8;637499;638577
chr8;638639;641173
chr8;642464;643673
chr8;643820;645799
chr8;644886;648632
chr8;649028;652653
chr8;652854;654186
chr8;654438;656495
chr8;655798;657336
chr8;658430;660169
chr8;660388;662472
chr8;67183;68895
chr8;663016;664566
chr8;664645;665390
chr8;665522;669927
chr8;670306;673326
chr8;673535;674332
chr8;674740;678894
chr8;679057;679787
chr8;680276;682621
chr8;682509;683726
chr8;683824;685140
chr8;685732;686229
chr8;69348;72294
chr8;686871;687290
chr8;687359;688696
chr8;689081;691782
chr8;691906;692706
chr8;692734;693348
chr8;693623;704089
chr8;704793;706079
chr8;706324;708420
chr8;708666;709562
chr8;709571;710107
chr8;72680;74004
chr8;710604;712410
chr8;712709;714424
chr8;714535;718140
chr8;718307;725208
chr8;725171;726196
chr8;726521;727468
chr8;727470;728573
chr8;728830;729830
chr8;729921;733847
chr8;734045;734938
chr8;735902;748519
chr8;74167;75836
chr8;748602;750332
chr8;750522;751998
chr8;751149;753476
chr8;753479;755014
chr8;755361;757031
chr8;757754;760630
chr8;759653;760113
chr8;760273;761253
chr8;761679;762662
chr8;763117;763593
chr8;763621;764145
chr8;75843;77000
chr8;764550;765761
chr8;765821;769936
chr8;770087;771448
chr8;77185;77825
chr8;771589;774099
chr8;774689;775696
chr8;775761;777440
chr8;777844;779703
chr8;779836;781125
chr8;781189;782345
chr8;782343;783205
chr8;8248;11646
chr8;77920;79261
chr8;783139;785184
chr8;785572;785645
chr8;785768;789574
chr8;789633;790538
chr8;790821;792006
chr8;792077;794704
chr8;796509;798825
chr8;799751;801586
chr8;801818;803353
chr8;803640;807755
chr8;807911;808615
chr8;79251;79943
chr8;808914;812042
chr8;812241;815093
chr8;815157;815954
chr8;816747;818303
chr8;818379;819135
chr8;819177;820244
chr8;820320;821070
chr8;821087;821455
chr8;821556;821864
chr8;822081;822621
chr8;822633;825403
chr8;825448;826635
chr8;80097;82134
chr8;826663;827346
chr8;827430;830183
chr8;829621;831513
chr8;831996;834785
chr8;834938;837291
chr8;837561;839246
chr8;838167;841030
chr8;841420;841707
chr8;841869;843734
chr8;843880;844503
chr8;844564;847375
chr8;847566;848775
chr8;83065;84027
chr8;849234;851121
chr8;851737;852876
chr8;853334;855373
chr8;855404;856162
chr8;856342;857292
chr8;857486;860149
chr8;860152;861933
chr8;862169;863776
chr8;864526;868545
chr8;868916;870007
chr8;84227;85303
chr8;870077;871078
chr8;871190;871626
chr8;871718;872229
chr8;872543;873517
chr8;874009;876819
chr8;877102;879912
chr8;880669;881522
chr8;881715;883460
chr8;883503;885142
chr8;885651;886297
chr8;886321;887280
chr8;85433;87165
chr8;887455;891738
chr8;891841;892460
chr8;892588;896486
chr8;897955;899523
chr8;900268;901968
chr8;903649;905268
chr8;905790;907301
chr8;908384;910352
chr8;910448;911593
chr8;911756;913372
chr8;87433;88363
chr8;914164;916129
chr8;916160;918533
chr8;918640;919392
chr8;919424;919998
chr8;920408;924805
chr8;925021;925947
chr8;925981;926406
chr8;926764;928297
chr8;928353;929027
chr8;929322;937523
chr8;937690;938118
chr8;88765;92493
chr8;938389;939228
chr8;939191;939909
chr8;940179;941384
chr8;941505;942932
chr8;943295;944107
chr8;944374;946035
chr8;946239;948491
chr8;948806;955177
chr8;955530;957074
chr8;957406;957849
chr8;957898;958854
chr8;92938;95230
chr8;959236;960988
chr8;961489;962934
chr8;963175;963861
chr8;963891;964511
chr8;964657;965763
chr8;966071;968161
chr8;968313;971626
chr8;969943;971784
chr8;972185;974029
chr8;94392;95209
chr8;974386;976420
chr8;976665;978494
chr8;978636;979370
chr8;979757;981469
chr8;981902;983496
chr8;983693;986239
chr8;986797;987965
chr8;988085;989064
chr8;989359;990162
chr8;990271;991122
chr8;14117;16771
chr8;96060;97012
chr8;991467;997499
chr8;997846;1000924
chr8;1001156;1004106
chr8;1004382;1011052
chr8;1011062;1011667
chr8;1012236;1013038
chr8;1013768;1015467
chr8;1016091;1020989
chr8;1021050;1022777
chr8;1023427;1024235
chr8;1024516;1025874
chr8;97687;100404
chr8;1026083;1028573
chr8;1029493;1031298
chr8;1031809;1032770
chr8;1032818;1034264
chr8;1034398;1034884
chr8;1035769;1037292
chr8;1037304;1039038
chr8;1039258;1042552
chr8;1044161;1045103
chr8;100538;103840
chr8;1046241;1048982
chr8;1049462;1050361
chr8;1051066;1051994
chr8;1052238;1054886
chr8;1055323;1059556
chr8;1060255;1061047
chr8;1061328;1061814
chr8;1061972;1062340
chr8;1062769;1063881
chr8;1064374;1066431
chr8;1066671;1067869
chr8;104129;105298
chr8;1068398;1068931
chr8;1069043;1069742
chr8;1069905;1070791
chr8;1071639;1072544
chr8;1073314;1075611
chr8;1075914;1076939
chr8;1077233;1078559
chr8;1079192;1082194
chr8;1082841;1084136
chr8;1084418;1084951
chr8;105946;107096
chr8;1086278;1087276
chr8;1087488;1089128
chr8;1089849;1092977
chr8;1093325;1093969
chr8;1094664;1094736
chr8;1095124;1096854
chr8;1097644;1099587
chr8;1100983;1102605
chr8;1102950;1105826
chr8;1106380;1108020
chr8;1108705;1111116
chr8;107500;108600
chr8;1111803;1118262
chr8;1115391;1119511
chr8;1120516;1127184
chr8;1128653;1129759
chr8;1129937;1132352
chr8;1133187;1134613
chr8;1135115;1135600
chr8;1136048;1137657
chr8;1138927;1140510
chr8;1140732;1141406
chr8;108549;110891
chr8;1141438;1142724
chr8;1144416;1145039
chr8;1145235;1152571
chr8;1153944;1154915
chr8;1154187;1156503
chr8;1156739;1157125
chr8;1157654;1158847
chr8;1159847;1160431
chr8;1160532;1161530
chr8;1162071;1165145
chr8;111236;112225
chr8;1165974;1166843
chr8;1167063;1168880
chr8;1169694;1171058
chr8;1171220;1172908
chr8;1173599;1174813
chr8;1175118;1175783
chr8;1175987;1176068
chr8;1176323;1177879
chr8;1178244;1179681
chr8;1180168;1186065
chr8;1186486;1191810
chr8;1192346;1192975
chr8;1193128;1194064
chr8;113025;116073
chr8;1195209;1199183
chr8;1200120;1202408
chr8;1202922;1203932
chr8;1203501;1204126
chr8;1205101;1206528
chr8;1208492;1216035
chr8;1216286;1219762
chr8;1220230;1222444
chr8;1222831;1224162
chr8;1224676;1226180
chr8;1226331;1227302
chr8;116724;119495
chr8;1227334;1228084
chr8;1228370;1234629
chr8;1234996;1235934
chr8;1236312;1238195
chr8;1238889;1243142
chr8;1243233;1247618
chr8;1247675;1250186
chr8;1250861;1256600
chr8;1255249;1255357
chr8;1256293;1256364
chr8;1256715;1257095
chr8;1257249;1258385
chr8;17180;18688
chr8;119944;120417
chr8;1259015;1259908
chr8;1260492;1261007
chr8;1261159;1261635
chr8;120738;121680
chr8;1263161;1264135
chr8;1264419;1264739
chr8;1265535;1266666
chr8;1267169;1267627
chr8;1267740;1268226
chr8;1268349;1269743
chr8;1269913;1270833
chr8;121619;123611
chr8;1270907;1271431
chr8;1271721;1272212
chr8;1272673;1273827
chr8;1273849;1273921
chr8;1274186;1275010
chr8;1275273;1276154
chr8;1276496;1279591
chr8;1279551;1281151
chr8;1281128;1281793
chr8;1282299;1283745
chr8;1283626;1287070
chr8;1287125;1291623
chr8;1291826;1291897
chr8;123886;124989
chr8;1291968;1293195
chr8;1293391;1296714
chr8;1297465;1298496
chr8;126466;126959
chr8;1298598;1299302
chr8;1299722;1300492
chr8;1300542;1301698
chr8;1301649;1301698
chr8;1301779;1303463
chr8;1303657;1305288
chr8;1305392;1306733
chr8;1306914;1313807
chr8;127753;128469
chr8;1313874;1316496
chr8;1316760;1320593
chr8;1320602;1323374
chr8;1323613;1327201
chr8;1327726;1330257
chr8;1330490;1331275
chr8;1332235;1332711
chr8;1333804;1334610
chr8;1335319;1335864
chr8;128483;130960
chr8;1336326;1338005
chr8;1338561;1339214
chr8;1339352;1341112
chr8;133403;142173
chr8;142320;143073
chr8;143142;146424
chr8;146835;147560
chr8;147763;148758
chr8;18785;19984
chr8;149567;151528
chr8;151545;154169
chr8;154515;155297
chr8;156366;158607
chr8;159114;162958
chr8;163355;164563
chr8;165295;171270
chr8;170584;171270
chr8;173256;176696
chr8;188303;190249
chr8;20318;21592
chr8;191361;197099
chr8;197898;203381
chr8;204296;204640
chr8;205142;206780
chr8;206738;207577
chr8;208206;211247
chr8;211343;212792
chr8;213207;216794
chr8;217030;218034
chr8;217998;220324
chr8;22054;23466
chr8;220409;223790
chr8;225019;230078
chr8;230275;231776
chr8;231851;232795
chr8;233262;234502
chr8;234582;235927
chr8;236262;241393
chr8;241850;243715
chr8;243616;245161
chr8;245281;246658
chr8;23664;26513
chr8;247061;249973
chr8;250416;254162
chr8;254229;255863
chr8;256445;257061
chr8;257495;258019
chr8;257969;259725
chr8;259950;262401
chr8;262691;269008
chr8;269104;270249
chr8;271336;275247