chr;start;end;color
chr1;3067;4995;1
chr1;21326;24442;1
chr1;255809;256705;1
chr1;257646;258372;1
chr1;258800;259847;2
chr1;259907;261670;1
chr1;263068;263505;2
chr1;263519;266686;1
chr1;267167;268225;1
chr1;267167;268225;2
chr1;268345;269114;2
chr1;269512;271946;1
chr1;24982;26491;2
chr1;272652;275963;2
chr1;276248;277895;2
chr1;278525;280279;2
chr1;280646;281359;2
chr1;281745;282551;2
chr1;282861;283241;1
chr1;283685;284578;2
chr1;284738;285934;2
chr1;286071;288704;2
chr1;288782;289105;1
chr1;27975;29374;2
chr1;289472;290395;1
chr1;290456;292144;1
chr1;292817;295093;2
chr1;295298;298495;2
chr1;298900;300582;2
chr1;301025;308356;2
chr1;308441;309675;1
chr1;309965;311179;2
chr1;311537;312919;2
chr1;313071;313871;2
chr1;29631;31879;2
chr1;314390;317488;2
chr1;317780;319135;2
chr1;319284;319923;2
chr1;320556;322979;2
chr1;322976;326047;2
chr1;326311;328623;2
chr1;328652;329197;2
chr1;329808;330436;2
chr1;330735;331775;2
chr1;332277;333668;1
chr1;32681;36402;2
chr1;333700;336588;1
chr1;336844;337983;1
chr1;338229;339770;2
chr1;340292;341640;1
chr1;341767;344124;2
chr1;344678;347830;1
chr1;347962;349959;1
chr1;350112;350795;1
chr1;351287;352954;2
chr1;39429;42553;2
chr1;353203;354157;1
chr1;354224;355057;2
chr1;355626;364652;2
chr1;364748;366427;2
chr1;366900;368933;2
chr1;369535;371481;1
chr1;371642;372829;2
chr1;373207;374955;2
chr1;375101;377908;2
chr1;378790;379368;1
chr1;42900;45885;2
chr1;379717;380109;2
chr1;380290;381687;1
chr1;381629;382838;2
chr1;382785;382857;1
chr1;382952;383879;1
chr1;384278;393271;2
chr1;393387;393788;1
chr1;394340;394663;2
chr1;395022;396407;2
chr1;396525;399626;2
chr1;399844;401826;2
chr1;49637;50494;1
chr1;402221;404708;2
chr1;404762;406109;2
chr1;406233;411659;2
chr1;411652;412896;2
chr1;412989;413818;2
chr1;413981;415519;2
chr1;415455;416650;2
chr1;416827;417290;2
chr1;417317;418699;1
chr1;419448;421430;2
chr1;50964;52550;1
chr1;421560;423041;2
chr1;423248;425269;1
chr1;425305;425883;2
chr1;427054;427671;2
chr1;428008;430806;2
chr1;430822;431271;2
chr1;431453;432583;2
chr1;432994;434454;1
chr1;434708;435319;1
chr1;435507;436240;2
chr1;52816;54498;2
chr1;436349;437147;2
chr1;437337;438346;2
chr1;438483;452391;2
chr1;452503;454030;2
chr1;454102;454659;2
chr1;454724;455965;2
chr1;456062;456691;2
chr1;456945;457853;2
chr1;458429;459922;2
chr1;460041;461017;2
chr1;5188;6651;1
chr1;54728;55322;2
chr1;461235;463328;2
chr1;463385;465283;1
chr1;465673;466293;1
chr1;55433;55963;2
chr1;466575;468131;2
chr1;468380;469978;2
chr1;470675;471475;2
chr1;471730;472387;2
chr1;472950;474449;1
chr1;474501;475193;1
chr1;475337;476449;1
chr1;56167;56781;1
chr1;476885;478391;2
chr1;478877;483550;2
chr1;483770;486559;2
chr1;486595;488517;2
chr1;488649;489494;1
chr1;489591;491660;2
chr1;491736;493985;2
chr1;494029;495242;2
chr1;495337;497118;2
chr1;497257;500190;2
chr1;56680;57960;2
chr1;500382;501755;1
chr1;501808;502167;1
chr1;502406;503047;1
chr1;503066;504262;2
chr1;504779;506056;2
chr1;506132;506563;2
chr1;506610;507044;2
chr1;507293;507616;2
chr1;507887;508444;2
chr1;508802;510844;1
chr1;510967;511247;1
chr1;58180;59604;2
chr1;511639;516339;2
chr1;516501;517043;2
chr1;517055;517395;2
chr1;517500;518822;2
chr1;520006;520848;2
chr1;521084;521629;2
chr1;522105;523784;1
chr1;524153;525067;2
chr1;525161;526150;2
chr1;526551;528239;2
chr1;528904;529563;1
chr1;59663;60727;2
chr1;530055;531050;2
chr1;531205;531758;1
chr1;531909;535231;1
chr1;535340;536512;2
chr1;536725;537660;2
chr1;538076;539461;2
chr1;539488;542235;2
chr1;543294;543866;1
chr1;544192;545142;2
chr1;545389;546795;2
chr1;546852;547902;2
chr1;60920;62553;2
chr1;548148;550046;2
chr1;550092;550970;1
chr1;551729;552049;1
chr1;552648;556544;2
chr1;556748;560314;2
chr1;560448;560984;2
chr1;561198;562127;2
chr1;563744;568090;2
chr1;568287;569030;2
chr1;569050;569820;2
chr1;62769;64154;2
chr1;570077;572338;2
chr1;572516;578779;1
chr1;577426;580460;2
chr1;581046;582203;2
chr1;582312;582384;1
chr1;582439;582792;2
chr1;583072;585675;2
chr1;585729;586991;2
chr1;586477;587099;1
chr1;587155;588666;2
chr1;588932;589860;2
chr1;589981;590184;2
chr1;64565;65073;2
chr1;590496;591719;2
chr1;592004;593071;2
chr1;593286;595568;1
chr1;596450;598531;2
chr1;599021;601606;2
chr1;601792;603687;2
chr1;603771;604967;2
chr1;605276;609121;2
chr1;609331;610491;1
chr1;610524;611306;1
chr1;611322;611919;2
chr1;65365;66468;2
chr1;612050;612571;2
chr1;612638;614398;2
chr1;614510;615617;2
chr1;615716;620286;2
chr1;620685;624152;2
chr1;624563;626172;2
chr1;626467;628545;2
chr1;628736;630669;1
chr1;630870;633815;2
chr1;66597;68096;2
chr1;634151;635923;1
chr1;636010;636429;2
chr1;636773;637435;2
chr1;638267;639043;1
chr1;639164;640005;2
chr1;640214;641569;2
chr1;641710;644137;2
chr1;644643;645809;2
chr1;646081;646824;2
chr1;647242;647658;2
chr1;6974;11926;1
chr1;68193;68615;2
chr1;648187;648675;2
chr1;649237;650091;2
chr1;650743;651852;2
chr1;651970;654432;2
chr1;655188;656432;1
chr1;656413;657165;2
chr1;658046;659425;2
chr1;659470;660942;2
chr1;661070;672657;2
chr1;672731;673723;2
chr1;673771;674997;1
chr1;675260;675330;1
chr1;68873;69967;2
chr1;675473;677652;2
chr1;677502;680039;1
chr1;680648;682896;2
chr1;683080;685158;2
chr1;685948;686565;2
chr1;687135;688118;2
chr1;689611;693969;2
chr1;694172;699031;2
chr1;699723;701093;1
chr1;701488;703877;1
chr1;70178;71950;2
chr1;704139;705002;2
chr1;706289;709411;1
chr1;710029;712050;2
chr1;713631;716270;2
chr1;716477;726031;1
chr1;726527;727252;2
chr1;727655;728692;1
chr1;728994;731316;2
chr1;731680;732618;1
chr1;732786;735192;2
chr1;72883;75530;2
chr1;736631;737521;2
chr1;738098;738781;2
chr1;739452;740306;2
chr1;741190;741820;1
chr1;741906;743389;2
chr1;743738;744332;2
chr1;744658;745176;1
chr1;745203;747194;2
chr1;747802;748437;2
chr1;748525;749413;2
chr1;750275;752158;2
chr1;76056;77538;2
chr1;752378;753617;1
chr1;754173;754445;1
chr1;755245;757449;2
chr1;757497;757924;1
chr1;757931;759400;2
chr1;759624;761868;1
chr1;762073;763032;2
chr1;763730;764422;2
chr1;764430;766267;2
chr1;766844;767300;1
chr1;77948;80290;2
chr1;768100;770594;2
chr1;770993;772753;2
chr1;773437;775107;2
chr1;776497;779176;2
chr1;779715;785534;2
chr1;786072;786694;1
chr1;788091;790868;2
chr1;792033;792413;1
chr1;793113;794372;2
chr1;796034;796462;1
chr1;796519;797339;1
chr1;797516;798853;1
chr1;81290;83800;2
chr1;799450;801953;1
chr1;802160;804967;2
chr1;806176;807282;2
chr1;807664;809901;2
chr1;810344;811912;1
chr1;812674;813732;1
chr1;814034;814651;2
chr1;815338;821955;2
chr1;822452;824064;2
chr1;824333;827410;2
chr1;84017;86260;2
chr1;828590;829951;2
chr1;830164;832251;2
chr1;833003;834387;2
chr1;834953;837043;2
chr1;837447;841670;2
chr1;841889;842749;2
chr1;842976;846455;1
chr1;846723;847413;1
chr1;847536;849980;2
chr1;850156;853974;1
chr1;86560;87986;2
chr1;854756;855328;1
chr1;855666;858404;1
chr1;859106;862093;1
chr1;862446;863049;1
chr1;863231;866454;2
chr1;868819;871593;2
chr1;873501;874792;2
chr1;88568;89564;1
chr1;12064;13215;2
chr1;89770;91956;2
chr1;91981;92589;2
chr1;93432;94158;2
chr1;94302;95066;2
chr1;95287;96227;2
chr1;96245;98250;1
chr1;98340;100354;1
chr1;101219;104017;2
chr1;105168;105665;1
chr1;105665;106057;1
chr1;106501;107305;1
chr1;46;743;1
chr1;13330;16469;2
chr1;107652;109128;2
chr1;109328;111233;1
chr1;111384;112805;2
chr1;112972;113558;2
chr1;113855;114565;2
chr1;115401;116261;2
chr1;116770;125757;1
chr1;125943;127567;2
chr1;127759;128463;2
chr1;129783;132723;2
chr1;133646;141229;1
chr1;16597;17499;2
chr1;141693;143247;2
chr1;143466;144229;2
chr1;144482;145798;1
chr1;146344;147273;1
chr1;147624;153926;2
chr1;152853;152933;1
chr1;153238;157059;2
chr1;157604;158620;2
chr1;159886;163416;2
chr1;163656;165448;1
chr1;165645;167049;1
chr1;17693;18049;1
chr1;167685;171980;2
chr1;172236;175816;2
chr1;176203;176838;2
chr1;176974;178039;2
chr1;178279;179059;1
chr1;179675;180676;2
chr1;181234;196974;2
chr1;197197;199982;2
chr1;200157;201770;2
chr1;202686;203529;1
chr1;204334;208530;1
chr1;18285;18728;1
chr1;209499;211472;2
chr1;211621;213423;2
chr1;214507;217016;2
chr1;217149;220288;2
chr1;220545;221481;2
chr1;221731;222198;1
chr1;222968;223432;2
chr1;223958;224317;2
chr1;224573;225205;2
chr1;226056;227273;2
chr1;227978;232246;2
chr1;18868;21141;2
chr1;232372;232689;1
chr1;233159;233232;1
chr1;233984;235029;2
chr1;235349;237064;2
chr1;237710;238609;2
chr1;238862;239401;1
chr1;240448;241893;2
chr1;242137;243594;2
chr1;245793;248294;2
chr1;248832;251456;2
chr1;252086;255529;2
chr2;41835;42233;2
chr2;374112;375302;2
chr2;621617;622330;2
chr2;43;1380;1
chr2;34972;36210;1
chr2;225623;227542;2
chr2;228566;230326;2
chr2;231451;232743;2
chr2;233048;233992;2
chr2;234220;234795;2
chr2;235221;236264;1
chr2;236396;238552;2
chr2;239641;239961;2
chr2;240157;241911;1
chr2;242051;243568;2
chr2;37362;39149;2
chr2;243881;246793;2
chr2;247211;248807;2
chr2;248899;250386;2
chr2;250408;252453;1
chr2;252574;253542;2
chr2;254843;255850;2
chr2;256070;258091;2
chr2;258587;260069;2
chr2;260066;261928;2
chr2;39964;40472;2
chr2;262273;263202;2
chr2;263520;264284;2
chr2;264390;266105;1
chr2;266720;268972;1
chr2;269302;270603;2
chr2;270624;273314;2
chr2;273946;276381;1
chr2;276392;278878;2
chr2;279250;281307;2
chr2;281387;282655;1
chr2;40787;41125;2
chr2;282926;284959;2
chr2;285392;286840;2
chr2;287035;288451;2
chr2;289323;291359;2
chr2;291432;292817;2
chr2;293143;294906;2
chr2;294187;294266;1
chr2;295049;297682;2
chr2;298700;300456;1
chr2;300970;308269;1
chr2;397695;399452;1
chr2;399964;400115;1
chr2;400631;404089;1
chr2;305137;306021;1
chr2;306103;306693;1
chr2;306747;308588;1
chr2;308744;309172;2
chr2;309912;311621;2
chr2;311618;313000;2
chr2;313106;313876;2
chr2;314007;315731;1
chr2;315699;317710;2
chr2;317717;318283;1
chr2;318304;319620;2
chr2;319672;320673;1
chr2;42483;43737;2
chr2;321029;322651;2
chr2;322831;325248;2
chr2;325284;327062;1
chr2;327129;328340;2
chr2;328628;329083;2
chr2;329075;330562;2
chr2;330722;332320;2
chr2;332576;333496;2
chr2;333961;334326;2
chr2;334666;336633;2
chr2;44252;45633;2
chr2;336604;339192;2
chr2;339559;341109;2
chr2;341695;342453;1
chr2;342954;343718;2
chr2;343728;346094;2
chr2;346989;348395;2
chr2;348647;349156;2
chr2;349213;349566;2
chr2;349761;350836;2
chr2;351264;351566;1
chr2;45953;46422;2
chr2;352384;352902;2
chr2;353060;356563;1
chr2;356540;357174;1
chr2;357184;358983;1
chr2;358978;360204;1
chr2;360387;362795;2
chr2;362904;362988;1
chr2;363059;364507;2
chr2;364608;365746;2
chr2;365808;367085;2
chr2;367299;368615;2
chr2;369571;372690;1
chr2;46794;47396;2
chr2;372784;374098;2
chr2;375357;376004;2
chr2;376550;377129;1
chr2;377143;378337;2
chr2;378392;379939;2
chr2;380099;381079;2
chr2;381336;385076;2
chr2;385318;386259;2
chr2;386950;387297;2
chr2;388359;389063;1
chr2;48167;48577;2
chr2;389071;390078;2
chr2;390431;392035;2
chr2;392209;395631;1
chr2;395832;396329;2
chr2;397247;397953;2
chr2;397695;400159;2
chr2;400202;402334;2
chr2;403365;406253;1
chr2;407026;408138;1
chr2;408208;408909;2
chr2;3136;5184;2
chr2;48767;49738;1
chr2;409049;410228;2
chr2;410463;411266;2
chr2;411517;412134;1
chr2;412233;412908;1
chr2;412931;414151;1
chr2;414759;415625;2
chr2;416130;418259;2
chr2;418308;419885;2
chr2;420081;421240;1
chr2;421286;424635;2
chr2;49924;51664;2
chr2;424580;425267;1
chr2;425589;426155;1
chr2;426567;426863;2
chr2;427031;431311;2
chr2;431889;437345;1
chr2;437380;437787;1
chr2;437848;440727;2
chr2;440871;442559;2
chr2;442770;443120;1
chr2;443308;444549;2
chr2;52137;53860;2
chr2;445057;445362;2
chr2;445694;446905;2
chr2;447336;448190;1
chr2;448227;450728;1
chr2;450891;452276;1
chr2;452849;453395;2
chr2;453593;455626;2
chr2;455661;456698;1
chr2;456918;458597;2
chr2;458797;459720;2
chr2;54105;59152;2
chr2;460217;461680;2
chr2;461790;463424;2
chr2;463587;468647;2
chr2;468839;469345;1
chr2;469371;474329;2
chr2;474683;476398;2
chr2;476467;482373;2
chr2;483128;483532;1
chr2;483861;484826;1
chr2;484894;485904;1
chr2;60002;60868;2
chr2;486138;490013;2
chr2;490095;490562;2
chr2;490790;492235;2
chr2;492300;493303;2
chr2;493322;493758;2
chr2;494012;494515;1
chr2;494609;495249;1
chr2;495317;496021;1
chr2;496443;497861;2
chr2;499105;499989;1
chr2;60988;61380;2
chr2;500132;501904;2
chr2;501969;504263;2
chr2;504383;505214;1
chr2;505321;506313;1
chr2;506527;507555;1
chr2;507909;508412;1
chr2;508551;508877;2
chr2;509271;514880;1
chr2;515739;518714;1
chr2;519031;519829;1
chr2;520249;527208;1
chr2;524415;524798;1
chr2;61838;62874;1
chr2;527249;528740;1
chr2;528824;536662;2
chr2;537132;538931;1
chr2;539194;541164;1
chr2;541558;542115;1
chr2;542578;543834;1
chr2;544067;545359;2
chr2;545894;547138;2
chr2;547348;551652;2
chr2;552235;552852;2
chr2;62987;65067;2
chr2;553406;554893;2
chr2;555033;556685;2
chr2;557113;560124;2
chr2;560922;564410;2
chr2;564734;566614;2
chr2;566716;570765;2
chr2;571009;573281;2
chr2;573430;579984;2
chr2;580496;581617;2
chr2;581692;582790;2
chr2;65281;65898;2
chr2;583013;583855;2
chr2;583983;584675;2
chr2;584979;585560;2
chr2;585705;586625;2
chr2;586780;590112;2
chr2;590438;590992;1
chr2;591373;591942;1
chr2;592280;592486;2
chr2;592705;593826;2
chr2;593980;594876;2
chr2;65937;67488;1
chr2;594996;595511;1
chr2;595912;599580;2
chr2;599661;600763;2
chr2;600944;602592;1
chr2;603043;607997;2
chr2;608173;615061;2
chr2;615324;616901;2
chr2;617076;617665;2
chr2;617862;621164;1
chr2;6254;7765;2
chr2;67790;71536;2
chr2;622764;623198;2
chr2;623601;625844;2
chr2;626110;626637;2
chr2;627100;629214;1
chr2;629335;629829;1
chr2;631250;631678;1
chr2;631731;632515;1
chr2;633136;633684;2
chr2;634689;636032;2
chr2;636206;638664;1
chr2;72412;73761;2
chr2;638911;640609;2
chr2;641572;644694;1
chr2;645419;647476;1
chr2;647674;648933;1
chr2;649710;652043;1
chr2;652736;654712;2
chr2;654726;655481;1
chr2;656497;658533;2
chr2;659091;660574;2
chr2;661149;662862;2
chr2;73993;74473;2
chr2;663112;664815;2
chr2;665062;666453;1
chr2;667153;669265;2
chr2;669753;671558;2
chr2;672467;673720;2
chr2;674080;677342;2
chr2;678135;679841;2
chr2;680052;682064;2
chr2;683032;683406;1
chr2;683559;685259;1
chr2;74688;76295;2
chr2;686449;688161;2
chr2;688488;691277;1
chr2;691625;694084;2
chr2;695197;697980;2
chr2;698800;701121;2
chr2;701970;703153;1
chr2;703579;706602;1
chr2;707314;708311;1
chr2;708853;710412;2
chr2;710704;711198;1
chr2;76810;80520;2
chr2;711355;714617;2
chr2;711370;711772;1
chr2;715000;715548;2
chr2;715973;717225;2
chr2;717649;720849;2
chr2;720873;725780;2
chr2;726677;727831;2
chr2;728025;730605;2
chr2;730559;731620;1
chr2;731972;734248;1
chr2;734529;738458;2
chr2;80767;80934;2
chr2;739128;741242;1
chr2;742043;743851;2
chr2;743878;744825;1
chr2;745761;747386;2
chr2;749112;756449;2
chr2;756684;759266;2
chr2;760795;762150;2
chr2;762210;763769;2
chr2;764173;765975;1
chr2;767836;767947;1
chr2;769013;788752;1
chr2;81272;83699;2
chr2;790157;794560;1
chr2;794592;795869;2
chr2;796313;799183;2
chr2;800011;801978;1
chr2;802544;804205;2
chr2;803970;804066;1
chr2;804799;805770;2
chr2;806094;808093;2
chr2;808538;810731;1
chr2;810985;813304;2
chr2;813954;826193;2
chr2;84177;85119;2
chr2;826889;831784;2
chr2;832732;834219;2
chr2;834423;835056;1
chr2;835125;836285;2
chr2;836657;838045;1
chr2;838690;840927;1
chr2;841174;841626;2
chr2;841934;843522;1
chr2;844095;846264;1
chr2;846800;847114;2
chr2;85357;86272;2
chr2;847392;848501;1
chr2;849265;850692;2
chr2;850822;851148;1
chr2;851199;853635;1
chr2;854253;855332;1
chr2;856064;859633;2
chr2;859832;861818;2
chr2;862672;868543;2
chr2;868578;870071;2
chr2;870697;871953;2
chr2;87851;89633;1
chr2;871970;875695;1
chr2;876880;877353;2
chr2;878049;878813;1
chr2;879145;883163;1
chr2;884180;885399;2
chr2;885441;886624;2
chr2;887434;888406;2
chr2;888597;890530;2
chr2;891301;891970;2
chr2;893847;895922;2
chr2;896356;897801;2
chr2;7844;9346;2
chr2;89956;90540;2
chr2;897917;898486;1
chr2;898780;899885;2
chr2;900014;901029;1
chr2;901684;904086;1
chr2;904103;908691;2
chr2;909431;912069;2
chr2;912916;915270;1
chr2;915324;916547;2
chr2;916668;918422;2
chr2;918869;920964;2
chr2;91221;92006;2
chr2;921193;921540;1
chr2;922461;923095;1
chr2;923440;925825;2
chr2;926202;926720;2
chr2;927067;928089;2
chr2;928709;929272;2
chr2;929671;929742;1
chr2;929548;932993;2
chr2;933413;934102;1
chr2;934191;934550;1
chr2;934807;934879;1
chr2;935795;936262;1
chr2;936407;939871;2
chr2;93322;93939;2
chr2;940269;942356;2
chr2;942275;943879;1
chr2;943907;946717;1
chr2;946750;947196;1
chr2;947461;952084;1
chr2;952190;954451;2
chr2;954778;956145;2
chr2;956318;960091;2
chr2;960475;961707;2
chr2;961818;962768;1
chr2;94753;95373;2
chr2;963445;964080;2
chr2;964209;964694;1
chr2;964801;966381;2
chr2;966774;967448;2
chr2;967640;969461;2
chr2;969907;973871;2
chr2;975401;976402;1
chr2;978620;979744;2
chr2;983545;985208;2
chr2;95817;96221;2
chr2;96619;97167;2
chr2;98061;102380;1
chr2;103000;104415;1
chr2;104867;106003;1
chr2;10256;11755;2
chr2;106722;108149;2
chr2;108585;109879;2
chr2;110199;111380;2
chr2;112367;113001;2
chr2;113982;115783;2
chr2;116745;117786;2
chr2;118078;125094;2
chr2;124503;126123;2
chr2;126862;133691;1
chr2;134388;136158;2
chr2;12284;17190;2
chr2;136260;138290;2
chr2;139057;140561;1
chr2;141164;142125;2
chr2;142532;143743;2
chr2;144651;145670;2
chr2;147155;149233;2
chr2;149235;150775;1
chr2;151065;152292;1
chr2;152834;158194;1
chr2;159512;163597;2
chr2;18300;23716;2
chr2;165220;168623;2
chr2;169030;170003;2
chr2;169951;171638;2
chr2;171749;172972;2
chr2;173701;173970;2
chr2;174175;175443;2
chr2;175666;176682;2
chr2;176784;178386;2
chr2;178501;179055;1
chr2;179052;180152;1
chr2;180906;184649;2
chr2;24195;28625;2
chr2;185455;187269;2
chr2;188140;188589;2
chr2;189155;189803;2
chr2;190562;191242;1
chr2;191491;192338;2
chr2;192429;193367;1
chr2;193965;194711;2
chr2;195073;195756;2
chr2;196302;198376;2
chr2;198516;198958;1
chr2;199216;200565;1
chr2;29209;34359;2
chr2;201210;202904;2
chr2;203508;204638;2
chr2;204966;208052;2
chr2;208478;211519;2
chr2;212061;215252;2
chr2;215796;217109;1
chr2;217323;219155;1
chr2;219257;221566;1
chr2;222053;222697;2
chr2;223217;225115;2
chr3;685657;686682;1
chr3;1088682;1089488;2
chr3;2886;6047;2
chr3;24398;25591;1
chr3;297683;298210;1
chr3;298394;299185;1
chr3;299236;302774;2
chr3;302915;304527;1
chr3;304794;305393;1
chr3;306079;310209;2
chr3;310605;311201;2
chr3;311229;312267;2
chr3;313114;314632;2
chr3;25952;28111;2
chr3;315211;316602;1
chr3;316698;328244;2
chr3;328782;330485;2
chr3;330813;331499;1
chr3;332977;333897;1
chr3;334767;335738;1
chr3;336403;337890;1
chr3;338629;339889;1
chr3;340206;347276;2
chr3;347128;358734;2
chr3;28315;29001;2
chr3;359007;359529;2
chr3;360691;362085;1
chr3;362294;363166;2
chr3;363535;364644;2
chr3;365006;366376;2
chr3;366851;367851;2
chr3;368216;369016;2
chr3;369134;369724;2
chr3;369952;372090;1
chr3;372355;373958;2
chr3;29064;30170;2
chr3;374719;375663;2
chr3;376193;377113;2
chr3;377549;378148;1
chr3;379040;380584;1
chr3;380837;382603;2
chr3;383756;386827;2
chr3;387414;388295;2
chr3;389676;391142;2
chr3;391601;393875;2
chr3;393969;394745;2
chr3;394690;397265;2
chr3;30561;34973;2
chr3;397691;401674;2
chr3;401708;402040;1
chr3;402238;402468;2
chr3;402673;403408;2
chr3;403867;404544;2
chr3;404820;405839;2
chr3;406652;408265;2
chr3;408413;409357;2
chr3;410017;411843;2
chr3;411859;412269;1
chr3;35164;36642;1
chr3;412552;414241;1
chr3;414420;415415;2
chr3;416323;418092;1
chr3;418381;419186;1
chr3;419504;424354;2
chr3;424972;427648;2
chr3;428308;428904;2
chr3;430128;430616;2
chr3;432151;436314;2
chr3;436391;438769;2
chr3;37073;39127;1
chr3;439824;441101;1
chr3;441585;444152;2
chr3;444967;446004;2
chr3;446200;446760;1
chr3;448055;449425;1
chr3;449885;451511;2
chr3;452780;454806;1
chr3;457025;457654;1
chr3;457903;458892;1
chr3;39380;40180;2
chr3;460684;462792;1
chr3;463132;464034;1
chr3;464202;466105;1
chr3;467357;468253;1
chr3;468667;469809;1
chr3;470105;470953;1
chr3;471854;472738;1
chr3;473887;475482;1
chr3;476206;477861;1
chr3;478019;481756;2
chr3;40303;41100;2
chr3;481973;484250;2
chr3;484831;486126;2
chr3;487048;489324;2
chr3;489375;492674;1
chr3;493024;498682;1
chr3;499426;500442;2
chr3;500706;502412;2
chr3;502484;502987;2
chr3;503548;506976;2
chr3;507106;509310;2
chr3;41755;44147;2
chr3;510205;511080;2
chr3;511114;512487;1
chr3;512817;513602;2
chr3;514040;515026;1
chr3;515198;515716;2
chr3;516149;516783;1
chr3;516836;517690;1
chr3;517963;518762;1
chr3;518957;522639;1
chr3;523094;526189;1
chr3;7861;8991;1
chr3;44449;46156;2
chr3;526658;529039;2
chr3;529256;532644;2
chr3;533068;533622;2
chr3;533780;535726;2
chr3;536198;537415;2
chr3;537965;539986;2
chr3;539987;540928;2
chr3;541327;542808;2
chr3;543151;543630;1
chr3;544006;550854;2
chr3;544070;545374;2
chr3;551358;552140;2
chr3;46248;52061;2
chr3;553404;554348;2
chr3;554464;555867;2
chr3;556690;562941;2
chr3;563197;564171;1
chr3;564188;565519;1
chr3;565930;566673;2
chr3;566812;567513;2
chr3;567762;568581;2
chr3;569407;594138;2
chr3;594185;595339;2
chr3;52167;53237;1
chr3;595554;596309;2
chr3;596935;598389;2
chr3;598598;599050;2
chr3;599324;599962;2
chr3;600333;600605;2
chr3;600709;601164;2
chr3;601692;602114;1
chr3;602236;603885;2
chr3;604128;605783;1
chr3;606175;608946;2
chr3;53934;62207;2
chr3;609053;609399;2
chr3;609498;612765;2
chr3;612589;614739;2
chr3;613367;613681;1
chr3;615236;617824;2
chr3;617860;618168;2
chr3;618155;619342;2
chr3;619410;619915;2
chr3;619937;625354;2
chr3;625724;626519;2
chr3;626669;627034;1
chr3;627134;628279;2
chr3;62331;63342;2
chr3;628558;631188;2
chr3;631649;634774;2
chr3;635278;636779;1
chr3;636891;637352;2
chr3;637684;639213;2
chr3;639250;640435;2
chr3;640637;641281;2
chr3;641392;642816;1
chr3;642934;644100;1
chr3;63982;67108;2
chr3;644295;645629;2
chr3;645565;646099;1
chr3;646339;646411;1
chr3;646437;647762;2
chr3;647837;649558;2
chr3;649635;650474;2
chr3;650605;651012;2
chr3;651402;652253;2
chr3;652326;653435;2
chr3;653435;654574;2
chr3;654831;656015;2
chr3;656068;657699;2
chr3;67707;71406;2
chr3;657918;661523;1
chr3;661604;662179;1
chr3;662428;668136;2
chr3;668174;670933;2
chr3;671334;672644;2
chr3;672674;678037;1
chr3;678204;678815;1
chr3;678876;679375;2
chr3;679418;680029;2
chr3;680105;682000;2
chr3;72411;75803;1
chr3;682066;682783;2
chr3;682956;685877;2
chr3;687215;690751;2
chr3;690777;692405;2
chr3;692540;693775;2
chr3;693980;695488;2
chr3;695522;698452;2
chr3;698463;701753;2
chr3;701911;704466;2
chr3;76894;81213;2
chr3;704480;705070;2
chr3;705141;705875;2
chr3;705965;708436;2
chr3;708438;709322;1
chr3;709422;710252;1
chr3;710054;710653;1
chr3;710784;711893;1
chr3;712149;714149;2
chr3;714364;716697;2
chr3;716759;717532;2
chr3;717773;724912;2
chr3;82411;84390;1
chr3;725143;727041;2
chr3;727091;727759;1
chr3;727870;728916;2
chr3;728935;730209;2
chr3;730362;731792;2
chr3;731899;732975;2
chr3;732982;741057;1
chr3;741512;745144;1
chr3;745200;748796;2
chr3;748868;752080;1
chr3;9337;10665;1
chr3;86603;88443;2
chr3;752199;753830;2
chr3;753863;761128;1
chr3;761774;762847;2
chr3;763047;764747;2
chr3;765322;766500;2
chr3;766669;767628;1
chr3;767862;771662;2
chr3;771758;773453;1
chr3;773383;775170;2
chr3;775151;776045;2
chr3;776127;779132;2
chr3;779133;781037;2
chr3;89618;95254;2
chr3;781370;783205;2
chr3;783405;784676;2
chr3;784931;785938;2
chr3;786206;787686;1
chr3;787866;790270;1
chr3;790379;791035;2
chr3;791534;792469;1
chr3;792700;793851;2
chr3;794660;796687;2
chr3;797010;798977;2
chr3;95291;96700;2
chr3;799471;800739;2
chr3;801269;803939;2
chr3;804433;805374;2
chr3;805371;810017;2
chr3;810153;810812;2
chr3;810755;811948;2
chr3;812076;812834;1
chr3;813044;813583;2
chr3;813951;815075;1
chr3;815170;815673;1
chr3;97253;98107;1
chr3;816203;816562;2
chr3;816979;819138;1
chr3;819429;819500;1
chr3;819503;821275;2
chr3;821729;824620;1
chr3;825970;830307;2
chr3;98492;98564;1
chr3;831092;833175;1
chr3;833311;835900;2
chr3;836478;841001;1
chr3;842264;844258;2
chr3;844337;848053;2
chr3;98668;99792;1
chr3;848597;848929;1
chr3;849207;853817;1
chr3;853978;855174;2
chr3;99666;99946;1
chr3;855744;861053;2
chr3;861731;863782;2
chr3;864278;865026;1
chr3;865133;866887;2
chr3;867619;868404;2
chr3;868396;876132;2
chr3;876908;879043;1
chr3;100292;101125;2
chr3;879363;880412;2
chr3;880672;881037;1
chr3;881241;884060;2
chr3;885038;886066;2
chr3;886403;889750;2
chr3;890115;891932;2
chr3;892814;897439;2
chr3;897496;898854;2
chr3;899316;899634;1
chr3;900048;901961;2
chr3;101820;102212;1
chr3;902328;903908;2
chr3;904632;906038;2
chr3;906689;911434;1
chr3;912082;913554;1
chr3;913771;916077;2
chr3;916427;917842;2
chr3;918663;919105;2
chr3;919484;920242;2
chr3;920684;922669;2
chr3;922671;924260;2
chr3;102753;104443;1
chr3;924914;928112;1
chr3;928941;930581;1
chr3;931097;931417;1
chr3;931639;932007;2
chr3;932693;936502;2
chr3;937360;937836;2
chr3;938035;938991;2
chr3;940090;942225;2
chr3;942690;945116;2
chr3;945329;946488;2
chr3;104162;107344;1
chr3;947306;948691;2
chr3;948772;949191;2
chr3;949723;952200;2
chr3;952513;954473;2
chr3;955802;959460;2
chr3;959837;961399;2
chr3;962253;963734;2
chr3;963908;965411;1
chr3;965793;968900;2
chr3;969037;969741;2
chr3;108524;110812;2
chr3;970361;973384;1
chr3;973452;975605;2
chr3;976034;977593;2
chr3;978676;979448;2
chr3;979945;981602;1
chr3;981926;982825;2
chr3;983461;986418;2
chr3;987327;987866;2
chr3;988193;990592;1
chr3;990605;992134;2
chr3;10839;12974;2
chr3;111116;113851;1
chr3;992374;992736;1
chr3;992935;993672;2
chr3;994166;994954;2
chr3;996307;997071;2
chr3;997518;998475;1
chr3;998941;999975;2
chr3;1000231;1004184;2
chr3;1004377;1006628;2
chr3;1006514;1007542;2
chr3;1007867;1016503;2
chr3;114509;119464;2
chr3;1016971;1017753;2
chr3;1018040;1020139;2
chr3;1020235;1020570;1
chr3;1021057;1023648;1
chr3;1024057;1024130;1
chr3;1024495;1028790;2
chr3;1029228;1031663;2
chr3;1031973;1033202;2
chr3;1033268;1037137;2
chr3;1037489;1041136;2
chr3;1041688;1045225;2
chr3;120105;122780;1
chr3;1045394;1050100;2
chr3;1050208;1054263;2
chr3;1054379;1058727;2
chr3;1059044;1060720;1
chr3;1061028;1064369;2
chr3;1064572;1068479;1
chr3;1068879;1072397;2
chr3;1072579;1076109;2
chr3;1076475;1080285;2
chr3;1080771;1085237;2
chr3;122821;136083;2
chr3;1085422;1086090;2
chr3;1086170;1088425;2
chr3;1089908;1091017;2
chr3;1092199;1092810;1
chr3;1093174;1094793;2
chr3;1095212;1096489;2
chr3;136878;138215;2
chr3;139340;140827;2
chr3;140810;141421;2
chr3;141730;142386;2
chr3;142478;144082;2
chr3;144713;145813;1
chr3;145951;146884;1
chr3;147172;148470;2
chr3;14255;17881;2
chr3;148958;150142;2
chr3;150949;152118;2
chr3;152635;154686;2
chr3;155559;162416;1
chr3;162614;164089;2
chr3;164602;166083;2
chr3;166501;168153;1
chr3;169085;170428;1
chr3;170792;172858;1
chr3;173488;177009;1
chr3;17922;18671;1
chr3;177562;181851;1
chr3;182378;182450;1
chr3;182633;184460;1
chr3;186592;187320;1
chr3;186754;187701;1
chr3;188831;191445;2
chr3;191587;195326;1
chr3;195659;198245;1
chr3;198832;198951;1
chr3;199405;199524;1
chr3;200085;200204;1
chr3;200540;202288;1
chr3;202658;204189;2
chr3;204252;209715;2
chr3;209803;213934;1
chr3;18835;19488;1
chr3;213618;217580;1
chr3;218067;253157;2
chr3;254389;255648;2
chr3;255929;256984;1
chr3;257380;257964;1
chr3;259796;260685;1
chr3;260720;261238;2
chr3;261918;263036;2
chr3;263186;264559;2
chr3;264787;266397;1
chr3;19612;21099;2
chr3;266722;267534;2
chr3;267695;270655;1
chr3;271495;271923;1
chr3;274210;274590;2
chr3;274806;276119;2
chr3;276494;277429;1
chr3;277955;278524;2
chr3;278955;279026;1
chr3;279294;280141;2
chr3;280483;280893;1
chr3;281372;282713;2
chr3;22028;24250;1
chr3;282501;283145;2
chr3;283644;284480;1
chr3;285974;287590;2
chr3;288016;288788;1
chr3;288730;289751;2
chr3;289618;290244;1
chr3;290983;293103;2
chr3;293124;293684;1
chr3;294291;294764;1
chr3;294997;296356;2
chr3;296534;297600;2
chr4;1452;1934;1
chr4;24378;25450;2
chr4;269037;269498;1
chr4;270169;275757;2
chr4;275725;278476;2
chr4;279257;280315;2
chr4;280700;282781;2
chr4;283699;284403;2
chr4;284544;286583;2
chr4;286946;287479;2
chr4;25464;27320;2
chr4;288103;289770;2
chr4;289950;290438;1
chr4;291938;295417;2
chr4;296292;297641;2
chr4;298153;299217;2
chr4;299271;299791;1
chr4;300413;301342;2
chr4;301687;302403;1
chr4;302505;304313;2
chr4;304918;306608;2
chr4;306914;307246;1
chr4;307629;308036;1
chr4;27620;29347;2
chr4;308058;309026;2
chr4;309668;311083;2
chr4;311572;312363;2
chr4;29322;30151;1
chr4;312998;313381;2
chr4;313823;316591;1
chr4;317805;318110;1
chr4;318148;318624;2
chr4;318625;319461;2
chr4;320037;320957;2
chr4;30523;32928;2
chr4;320921;322615;1
chr4;323392;325185;2
chr4;325591;327996;2
chr4;328575;331034;2
chr4;331046;333475;2
chr4;334303;337179;2
chr4;337443;339503;2
chr4;340098;344570;2
chr4;345027;349835;2
chr4;350293;354861;2
chr4;33039;37160;2
chr4;355829;357844;2
chr4;358133;358837;1
chr4;359027;360340;2
chr4;360966;362105;2
chr4;364148;366844;1
chr4;366901;367326;1
chr4;368103;371536;2
chr4;371628;375098;2
chr4;375151;376359;2
chr4;37556;39023;2
chr4;377206;377583;1
chr4;377746;378504;2
chr4;378780;379391;1
chr4;380394;381455;2
chr4;382532;384061;2
chr4;385053;386394;2
chr4;386458;387276;2
chr4;388166;388237;1
chr4;387546;387617;1
chr4;388362;389616;1
chr4;389936;392199;2
chr4;392508;395543;2
chr4;397428;404896;2
chr4;39095;39976;1
chr4;405598;409584;1
chr4;409604;411409;2
chr4;412359;414795;1
chr4;414730;414825;1
chr4;415490;416128;1
chr4;416315;418177;1
chr4;418453;419227;2
chr4;419490;419837;2
chr4;420130;420970;1
chr4;421504;422514;2
chr4;422712;427415;2
chr4;40092;40415;1
chr4;427863;430303;2
chr4;430700;435100;2
chr4;435732;436985;2
chr4;437011;439686;2
chr4;440059;443136;2
chr4;443131;443463;2
chr4;443625;445610;2
chr4;445901;446629;2
chr4;447600;449033;2
chr4;449276;449983;1
chr4;40500;44924;2
chr4;450307;450954;1
chr4;451155;451508;1
chr4;452593;454548;1
chr4;454845;455300;2
chr4;455563;458079;2
chr4;458367;460814;2
chr4;460939;463087;1
chr4;463174;463842;1
chr4;464580;468011;1
chr4;468305;471797;2
chr4;45227;51526;2
chr4;472056;472487;1
chr4;472744;474189;2
chr4;474369;477346;2
chr4;477602;479056;2
chr4;479399;479920;2
chr4;480010;480744;2
chr4;480806;481918;2
chr4;482437;483111;2
chr4;483253;484332;2
chr4;484551;486072;2
chr4;4410;5417;1
chr4;52198;57699;2
chr4;486643;488106;2
chr4;488556;489986;2
chr4;490068;492417;2
chr4;492507;492591;1
chr4;492786;493415;2
chr4;493594;494740;2
chr4;494710;494975;1
chr4;495056;498181;1
chr4;498538;499599;2
chr4;499796;501109;2
chr4;501174;502253;2
chr4;502573;504324;2
chr4;504941;505341;1
chr4;58004;59266;2
chr4;505714;507069;2
chr4;507143;507886;1
chr4;508103;510010;2
chr4;510763;512244;2
chr4;512337;513365;2
chr4;513678;514844;1
chr4;514926;517109;2
chr4;517451;518566;2
chr4;519008;521338;1
chr4;521347;524745;2
chr4;525136;526788;2
chr4;59700;60399;1
chr4;527010;530720;2
chr4;531200;533932;2
chr4;533975;534367;2
chr4;534860;536518;1
chr4;536583;540548;1
chr4;540839;541765;2
chr4;542681;543637;2
chr4;544066;545208;2
chr4;545269;546030;1
chr4;546241;547013;2
chr4;6504;6784;1
chr4;60472;61785;1
chr4;547286;550489;2
chr4;550635;551321;1
chr4;551858;554347;2
chr4;554386;554700;1
chr4;554833;555282;1
chr4;555778;556830;2
chr4;557311;558519;2
chr4;558679;560358;2
chr4;560351;562738;2
chr4;563209;564624;2
chr4;564697;564779;1
chr4;565241;567670;2
chr4;63499;64800;2
chr4;567738;568384;2
chr4;568759;570690;1
chr4;570764;572563;2
chr4;65619;66121;2
chr4;573055;575568;1
chr4;575789;576376;1
chr4;576379;576942;2
chr4;576982;577881;1
chr4;578026;580560;1
chr4;580799;581401;1
chr4;581757;582470;1
chr4;66523;67613;2
chr4;583121;583624;1
chr4;583955;585103;1
chr4;585204;586028;1
chr4;586402;587094;1
chr4;587806;589011;2
chr4;589017;590094;2
chr4;590200;590550;1
chr4;590874;591538;1
chr4;591689;594367;2
chr4;594844;596340;2
chr4;596362;596435;1
chr4;596652;599096;2
chr4;599113;600159;2
chr4;68164;72818;2
chr4;600339;601376;2
chr4;601656;602339;1
chr4;602366;603340;1
chr4;603646;604963;1
chr4;605068;606948;2
chr4;607230;608060;2
chr4;608425;618810;2
chr4;618848;619618;2
chr4;619815;625217;2
chr4;625658;625873;2
chr4;72892;73749;2
chr4;625975;627930;2
chr4;628187;628420;2
chr4;628597;633183;2
chr4;633533;636496;1
chr4;636516;637382;2
chr4;637507;638796;2
chr4;638965;639300;2
chr4;639510;641183;2
chr4;641190;642275;2
chr4;642529;643815;2
chr4;73923;75710;2
chr4;644065;645201;1
chr4;646428;649708;1
chr4;650052;651044;1
chr4;651418;652194;1
chr4;652232;653041;1
chr4;653246;655303;2
chr4;656392;657771;2
chr4;657854;659386;2
chr4;659383;660693;1
chr4;660812;662845;1
chr4;75965;78224;2
chr4;663261;703502;2
chr4;703627;705711;2
chr4;705725;707548;1
chr4;707873;709918;2
chr4;709971;710044;1
chr4;710150;711226;2
chr4;711619;712686;2
chr4;712690;713783;2
chr4;713838;715733;2
chr4;716208;716282;1
chr4;715883;715954;1
chr4;716001;718115;2
chr4;718129;719592;2
chr4;7692;9168;1
chr4;78301;79915;2
chr4;719728;721836;2
chr4;722651;723466;1
chr4;723572;724726;2
chr4;725026;726018;2
chr4;726209;727525;2
chr4;727727;728824;2
chr4;729036;729428;1
chr4;729503;730163;1
chr4;730437;730916;2
chr4;731601;733217;2
chr4;9437;9703;1
chr4;80208;81236;2
chr4;733655;738550;2
chr4;738835;741263;2
chr4;741862;743460;2
chr4;743477;744235;2
chr4;744344;745527;2
chr4;745604;748142;2
chr4;748419;749995;2
chr4;750069;750485;1
chr4;750766;752330;2
chr4;752525;753045;2
chr4;753135;753710;1
chr4;9890;11383;1
chr4;81699;82272;1
chr4;753870;754609;2
chr4;754741;755458;1
chr4;755495;756899;2
chr4;756942;759326;2
chr4;760091;761269;1
chr4;761266;763299;2
chr4;763400;763854;2
chr4;764923;767343;2
chr4;767790;770045;2
chr4;771861;773408;2
chr4;83059;83517;1
chr4;774611;775405;1
chr4;775567;777498;2
chr4;777932;778483;1
chr4;778505;780992;2
chr4;781535;784658;2
chr4;785258;787486;2
chr4;788621;789905;2
chr4;790625;792307;2
chr4;792611;793210;1
chr4;793422;794168;1
chr4;794561;798541;2
chr4;83692;85515;2
chr4;798953;801578;2
chr4;803121;806256;2
chr4;807429;810299;2
chr4;811153;817539;1
chr4;817710;820097;1
chr4;821305;830094;1
chr4;831237;833465;1
chr4;834026;835351;1
chr4;835841;837187;1
chr4;837221;838831;1
chr4;85918;86763;1
chr4;839264;839680;1
chr4;839742;840365;1
chr4;840597;843605;1
chr4;844538;850791;1
chr4;851496;852601;1
chr4;853086;856775;2
chr4;857901;859496;1
chr4;859814;862847;2
chr4;862776;865477;2
chr4;866273;869053;2
chr4;87283;89964;2
chr4;869376;872354;2
chr4;872852;874600;1
chr4;875199;875815;2
chr4;876389;880768;1
chr4;881373;882546;1
chr4;882949;884993;1
chr4;885574;886026;1
chr4;887492;889411;1
chr4;889721;891409;1
chr4;892706;895846;2
chr4;90500;92170;2
chr4;897323;898090;1
chr4;898429;901668;2
chr4;902735;906688;2
chr4;907689;908314;2
chr4;908424;910080;2
chr4;909330;909861;1
chr4;910358;911122;2
chr4;912169;914109;1
chr4;914874;915476;2
chr4;916442;919564;2
chr4;919761;920129;1
chr4;920935;921936;1
chr4;93000;94733;2
chr4;922317;923426;2
chr4;923912;925426;2
chr4;925509;928196;1
chr4;929578;934788;2
chr4;935717;942280;2
chr4;942785;944464;2
chr4;945289;947624;2
chr4;948120;954326;1
chr4;954375;955583;2
chr4;956183;956893;2
chr4;95154;96257;2
chr4;956900;957871;2
chr4;960598;961611;1
chr4;964428;965504;2
chr4;965456;966511;2
chr4;966735;967118;2
chr4;968903;972130;2
chr4;972685;973158;1
chr4;973686;976271;1
chr4;977086;979740;2
chr4;979991;981733;1
chr4;980497;980622;1
chr4;11623;13671;2
chr4;96659;98712;2
chr4;982096;982554;2
chr4;982946;985162;1
chr4;986590;987872;2
chr4;988161;989154;2
chr4;989612;991048;2
chr4;98644;98730;1
chr4;992035;993840;2
chr4;994339;997611;2
chr4;997697;998011;1
chr4;998380;999801;2
chr4;1000531;1003722;2
chr4;98930;100087;2
chr4;1004816;1005754;2
chr4;1006655;1007620;1
chr4;1008650;1011448;2
chr4;1012442;1013392;2
chr4;1014056;1018393;2
chr4;1019851;1020876;2
chr4;1021737;1023107;1
chr4;1023589;1024050;1
chr4;1024001;1024372;1
chr4;1024488;1024859;1
chr4;100590;101411;2
chr4;1025232;1026329;2
chr4;1026816;1029170;1
chr4;1029346;1034490;2
chr4;1034931;1037333;2
chr4;1037652;1041104;2
chr4;1041430;1043338;2
chr4;1043942;1044889;1
chr4;1045424;1046712;2
chr4;1046751;1049390;2
chr4;101524;103743;2
chr4;1049810;1052122;2
chr4;1052430;1053521;1
chr4;1054102;1055622;2
chr4;1055778;1058384;2
chr4;1059685;1061430;1
chr4;1062437;1064107;2
chr4;1064610;1067150;2
chr4;1067523;1069496;2
chr4;1070123;1072630;1
chr4;1072944;1073618;1
chr4;1073561;1074677;1
chr4;104416;107859;2
chr4;1075335;1076315;1
chr4;1076585;1079729;2
chr4;1079856;1081106;2
chr4;1081550;1085584;2
chr4;1085928;1087610;2
chr4;1088058;1089653;2
chr4;1090295;1092049;2
chr4;1092830;1094059;2
chr4;1095136;1097952;2
chr4;107852;115123;2
chr4;1099131;1101460;2
chr4;1102420;1103291;1
chr4;116180;117794;2
chr4;117882;118673;2
chr4;119046;123077;1
chr4;123990;129012;1
chr4;13731;14279;1
chr4;129551;132704;2
chr4;133828;139245;2
chr4;141204;142361;1
chr4;142556;143707;2
chr4;144457;146113;2
chr4;146202;147293;1
chr4;147999;148916;1
chr4;149459;151037;2
chr4;152085;154930;2
chr4;156397;156786;2
chr4;14423;16792;2
chr4;157277;159193;2
chr4;160341;162674;2
chr4;162845;163632;2
chr4;17604;18169;1
chr4;163623;164222;2
chr4;164601;171893;2
chr4;172099;178039;2
chr4;178291;179201;2
chr4;179439;182255;2
chr4;182782;184824;1
chr4;186505;192309;2
chr4;17944;20348;2
chr4;192796;194085;1
chr4;194610;195284;2
chr4;195769;196812;2
chr4;197806;199617;1
chr4;199497;200304;2
chr4;200514;201143;2
chr4;201199;203641;2
chr4;203671;204632;2
chr4;205052;206001;2
chr4;206724;211043;2
chr4;211840;217233;2
chr4;217578;217826;2
chr4;20603;23113;2
chr4;217884;219329;2
chr4;220314;222125;2
chr4;222765;224978;2
chr4;225070;226047;1
chr4;226267;227281;2
chr4;227783;234058;2
chr4;234598;238877;2
chr4;239167;242551;1
chr4;242653;244674;2
chr4;245557;245885;2
chr4;23112;24120;2
chr4;246698;249826;2
chr4;250370;252022;2
chr4;253576;255153;2
chr4;255590;258288;2
chr4;258992;259873;1
chr4;260137;261792;2
chr4;261816;262721;2
chr4;263065;265638;2
chr4;265193;267011;1
chr4;267836;268789;2
chr5;399947;401212;2
chr5;670511;670608;1
chr5;10685;16339;1
chr5;133655;134548;1
chr5;3913;6269;1
chr5;31050;34420;2
chr5;240510;243116;1
chr5;244398;246713;1
chr5;246793;248313;2
chr5;248449;249651;1
chr5;249966;250613;2
chr5;250651;251883;1
chr5;251884;252543;1
chr5;252748;253509;2
chr5;253695;255035;2
chr5;255455;256570;1
chr5;34633;37201;2
chr5;256759;258249;1
chr5;258264;259019;2
chr5;259409;261139;2
chr5;261154;262473;2
chr5;262718;264052;2
chr5;264078;265381;2
chr5;265539;266828;2
chr5;266934;269189;2
chr5;269264;271752;2
chr5;271851;273023;2
chr5;37358;38494;2
chr5;273104;275065;2
chr5;275246;276478;1
chr5;277001;278065;1
chr5;278259;279011;1
chr5;279026;281278;2
chr5;281757;284075;2
chr5;284192;285134;2
chr5;285355;286482;2
chr5;286486;289287;2
chr5;289441;291081;2
chr5;39268;45033;2
chr5;291182;292360;1
chr5;292454;293269;2
chr5;293550;294653;2
chr5;294914;295675;2
chr5;295838;296659;2
chr5;296656;297051;1
chr5;297063;303134;2
chr5;303204;304382;2
chr5;304428;305333;1
chr5;305393;306448;2
chr5;306780;307718;2
chr5;45071;45776;2
chr5;307969;308701;1
chr5;308704;310641;2
chr5;310956;314008;2
chr5;314498;319303;2
chr5;319384;320532;1
chr5;320826;322973;1
chr5;323036;323749;2
chr5;324059;327763;1
chr5;328032;335810;1
chr5;46455;49181;2
chr5;335909;336879;1
chr5;337035;339251;1
chr5;339710;340365;1
chr5;341003;341734;1
chr5;341817;343199;1
chr5;343481;343765;1
chr5;343845;344528;1
chr5;344622;345230;2
chr5;345541;347043;2
chr5;347124;348257;1
chr5;49652;50137;1
chr5;348397;349485;2
chr5;349491;350456;1
chr5;350464;353238;2
chr5;353407;355065;2
chr5;355319;356248;2
chr5;356822;357379;2
chr5;357544;358494;1
chr5;358601;359700;1
chr5;359928;360401;1
chr5;360652;364731;2
chr5;364672;366406;2
chr5;50997;54854;1
chr5;366453;367523;2
chr5;368256;370268;2
chr5;370716;371051;1
chr5;371054;372178;2
chr5;372250;373608;2
chr5;373836;375047;2
chr5;375114;375662;2
chr5;376005;376562;2
chr5;377469;381605;2
chr5;381916;382443;2
chr5;55321;55944;2
chr5;383036;385168;1
chr5;385680;386294;2
chr5;386493;387317;2
chr5;387476;387947;2
chr5;388146;389183;2
chr5;389237;391231;2
chr5;391468;393480;2
chr5;393686;395899;2
chr5;395906;396817;2
chr5;396939;398591;2
chr5;398945;399910;1
chr5;56929;57969;2
chr5;401509;402891;2
chr5;403221;403847;2
chr5;404060;404998;1
chr5;405352;412887;1
chr5;413552;414430;2
chr5;414502;415851;2
chr5;416203;416574;2
chr5;416895;419543;1
chr5;419572;420341;2
chr5;419572;422695;2
chr5;6771;9053;1
chr5;57990;58331;1
chr5;423268;425274;2
chr5;425489;427576;2
chr5;427901;429142;2
chr5;429474;430079;2
chr5;430093;431064;2
chr5;431533;433845;2
chr5;434072;435925;1
chr5;436753;443124;2
chr5;443937;449348;2
chr5;449901;451946;2
chr5;58702;61959;1
chr5;451994;453778;2
chr5;453846;454592;2
chr5;454733;455536;2
chr5;456052;459279;2
chr5;459862;461580;2
chr5;462634;463695;2
chr5;464139;464609;2
chr5;465523;466019;1
chr5;466101;466649;1
chr5;467078;472181;1
chr5;472607;474228;2
chr5;62047;64729;1
chr5;475146;476948;2
chr5;477669;478440;2
chr5;478563;479153;2
chr5;479628;480832;2
chr5;481174;482448;2
chr5;483031;487350;1
chr5;488364;489287;1
chr5;490134;490215;1
chr5;490246;491658;2
chr5;491724;492353;1
chr5;492420;493628;1
chr5;65212;66606;1
chr5;493950;494712;2
chr5;494816;499824;2
chr5;500124;500197;1
chr5;500291;500364;1
chr5;501018;501872;2
chr5;501946;503133;2
chr5;503754;505532;2
chr5;505670;507840;2
chr5;506344;507840;2
chr5;508184;508933;2
chr5;509047;509565;2
chr5;509953;511038;2
chr5;511961;513607;2
chr5;67032;67698;2
chr5;514037;515005;2
chr5;515321;517210;2
chr5;517542;521456;1
chr5;519738;520573;1
chr5;523263;524166;2
chr5;524440;526893;2
chr5;527284;530763;1
chr5;531274;533847;2
chr5;534143;535480;2
chr5;535708;536260;1
chr5;536858;540082;2
chr5;540832;541808;1
chr5;68036;70223;2
chr5;542141;547000;2
chr5;547772;548659;2
chr5;548936;550058;2
chr5;71109;71987;1
chr5;550206;553157;2
chr5;553904;557565;2
chr5;557459;559667;2
chr5;559888;562341;2
chr5;562481;563587;1
chr5;564326;565027;2
chr5;565972;567790;2
chr5;73743;76526;2
chr5;567917;569772;2
chr5;569998;571456;2
chr5;571677;573911;2
chr5;574264;575070;2
chr5;576213;578426;2
chr5;579325;580125;1
chr5;580346;584167;2
chr5;584492;585938;2
chr5;586257;590101;1
chr5;590166;592576;1
chr5;76438;77697;1
chr5;593217;594279;1
chr5;594601;595323;1
chr5;595932;602385;1
chr5;602733;604736;1
chr5;605247;607029;2
chr5;607696;610788;2
chr5;611571;612692;1
chr5;613413;614277;2
chr5;614659;615045;2
chr5;615540;617153;2
chr5;77637;78599;2
chr5;618234;618641;2
chr5;619174;621294;2
chr5;621362;622045;1
chr5;623111;630019;2
chr5;630171;638108;2
chr5;638491;639824;2
chr5;640137;642152;1
chr5;642298;645587;1
chr5;646910;647980;2
chr5;648004;650147;2
chr5;650691;651816;1
chr5;78908;79669;2
chr5;652478;653764;2
chr5;654091;655620;2
chr5;656146;658794;2
chr5;658920;663835;2
chr5;663602;664393;2
chr5;664282;666368;2
chr5;666729;675086;2
chr5;675327;677621;2
chr5;10174;10578;1
chr5;80855;82294;1
chr5;677863;679043;2
chr5;679186;681333;2
chr5;681736;684252;2
chr5;684511;685005;1
chr5;685126;685820;2
chr5;686723;687647;2
chr5;687703;688899;1
chr5;689328;692051;2
chr5;692298;692783;2
chr5;82077;84880;2
chr5;693579;697847;2
chr5;698482;707163;2
chr5;708337;709521;2
chr5;709549;723891;2
chr5;724552;731452;2
chr5;735027;735098;1
chr5;735608;736889;2
chr5;738180;738638;2
chr5;739394;740425;2
chr5;740713;741594;1
chr5;85022;86443;2
chr5;742647;745092;2
chr5;745520;749296;1
chr5;750126;751058;2
chr5;751512;752177;2
chr5;752982;753054;1
chr5;753109;754654;1
chr5;754751;755266;2
chr5;756308;757664;2
chr5;758591;759001;1
chr5;759060;759964;2
chr5;87296;90799;1
chr5;760672;767279;2
chr5;767542;769121;2
chr5;769296;769625;1
chr5;769873;770734;2
chr5;771153;772534;2
chr5;773124;774111;2
chr5;774215;774880;2
chr5;775378;778437;1
chr5;779414;781299;2
chr5;781691;792820;1
chr5;91231;92199;1
chr5;792856;794376;2
chr5;795220;796707;2
chr5;797242;808851;2
chr5;809156;810427;2
chr5;810725;811036;1
chr5;811217;812039;2
chr5;812480;814676;2
chr5;814822;816132;2
chr5;816200;817689;2
chr5;817999;818892;2
chr5;92426;93136;1
chr5;819187;820632;2
chr5;821226;821930;2
chr5;822087;822428;2
chr5;822694;823257;2
chr5;823635;824132;1
chr5;824364;826310;2
chr5;826610;827347;2
chr5;827527;829825;2
chr5;830375;834847;2
chr5;835402;836424;2
chr5;836638;837967;2
chr5;94171;95807;2
chr5;838480;839853;2
chr5;842020;844015;1
chr5;844231;845758;1
chr5;846092;849015;2
chr5;849396;850476;2
chr5;850855;851631;1
chr5;851951;853296;2
chr5;853417;853977;2
chr5;854010;855299;1
chr5;855564;856727;2
chr5;856997;858174;2
chr5;96338;97931;1
chr5;858477;860558;2
chr5;861116;861834;2
chr5;862479;862874;2
chr5;862959;864374;2
chr5;864803;865234;2
chr5;865743;866910;2
chr5;867266;867706;1
chr5;867830;869827;2
chr5;870326;871177;2
chr5;871253;871870;2
chr5;97990;98604;1
chr5;872337;873514;2
chr5;874235;875278;1
chr5;876713;878044;2
chr5;878801;881332;2
chr5;881447;881986;1
chr5;882196;882717;2
chr5;884674;887574;2
chr5;888094;888468;1
chr5;888593;891148;2
chr5;891544;892800;1
chr5;892805;893779;2
chr5;99061;103207;2
chr5;894477;897635;2
chr5;898004;899560;2
chr5;899648;900743;2
chr5;900843;901415;1
chr5;902240;904556;2
chr5;903212;903289;1
chr5;904880;905803;2
chr5;906564;907664;2
chr5;909173;910442;1
chr5;910371;911303;2
chr5;911694;913430;1
chr5;914342;916534;2
chr5;103870;106923;2
chr5;917062;919095;1
chr5;919570;920811;1
chr5;921042;921497;1
chr5;922542;924155;1
chr5;924426;926924;1
chr5;927732;928658;1
chr5;928816;929412;2
chr5;929663;930902;2
chr5;932175;933530;2
chr5;934680;938795;2
chr5;107073;108116;2
chr5;938972;940882;1
chr5;941598;943007;2
chr5;943098;943688;1
chr5;944085;944858;1
chr5;945568;946422;1
chr5;946864;949215;1
chr5;949600;950562;1
chr5;951566;953077;2
chr5;953847;954886;2
chr5;957763;959019;2
chr5;959274;961839;1
chr5;109548;113846;1
chr5;962009;962492;2
chr5;963041;964155;2
chr5;964603;966216;2
chr5;967322;970411;2
chr5;971574;973958;2
chr5;975355;978023;1
chr5;978260;979735;2
chr5;980145;981737;1
chr5;981932;983416;1
chr5;983447;987211;2
chr5;114187;114481;1
chr5;987636;989942;1
chr5;989984;991414;1
chr5;992065;992586;2
chr5;992759;993442;2
chr5;993554;993907;1
chr5;994155;997504;1
chr5;997697;1002185;2
chr5;1002504;1005063;2
chr5;1005316;1005801;2
chr5;1007134;1009524;2
chr5;115516;116067;2
chr5;1009992;1012038;2
chr5;1012277;1013236;2
chr5;1013736;1015241;2
chr5;1015520;1018672;2
chr5;1018878;1019486;2
chr5;1019827;1023117;1
chr5;1023555;1024577;1
chr5;1025381;1027351;2
chr5;1027762;1034523;2
chr5;1034616;1042691;2
chr5;116776;117997;2
chr5;1042849;1044048;2
chr5;1045448;1046236;1
chr5;1046459;1048655;2
chr5;118428;118851;1
chr5;1048666;1049484;1
chr5;1052933;1053964;2
chr5;1054875;1055300;1
chr5;1058710;1060041;2
chr5;1060327;1061426;1
chr5;1069943;1070718;2
chr5;1072860;1073618;2
chr5;119048;120133;2
chr5;1074263;1074997;2
chr5;1075546;1076325;2
chr5;120144;120677;1
chr5;121183;121905;2
chr5;121908;123023;2
chr5;16600;19535;1
chr5;123315;124159;2
chr5;124234;129363;2
chr5;130065;131285;2
chr5;131612;131687;1
chr5;132168;133525;2
chr5;135865;138873;2
chr5;138995;141818;2
chr5;142317;142724;1
chr5;142741;145725;1
chr5;145346;146419;1
chr5;19587;20518;2
chr5;146673;147929;2
chr5;147932;152003;2
chr5;152194;152931;2
chr5;153067;154374;2
chr5;154612;156124;2
chr5;156582;158761;2
chr5;159111;159713;2
chr5;159815;161254;2
chr5;161703;162958;2
chr5;163332;165530;2
chr5;20614;24230;2
chr5;166892;168415;2
chr5;169177;171118;2
chr5;171408;173278;2
chr5;173712;181030;2
chr5;179330;179438;1
chr5;181128;182540;2
chr5;183078;184984;1
chr5;185236;187080;2
chr5;187172;189692;1
chr5;189769;190407;1
chr5;190926;194648;2
chr5;194666;195788;1
chr5;196226;197872;2
chr5;25004;27420;1
chr5;197925;199538;1
chr5;199808;206824;2
chr5;207068;209212;2
chr5;209660;212365;2
chr5;213283;214221;2
chr5;214590;214967;2
chr5;215099;215695;1
chr5;216366;216941;2
chr5;217251;218628;2
chr5;219247;222105;2
chr5;28635;30947;1
chr5;222134;224076;2
chr5;224107;225192;1
chr5;225419;228190;2
chr5;228276;229066;1
chr5;229142;229773;2
chr5;229927;230385;2
chr5;230915;232192;2
chr5;232218;232952;2
chr5;233326;233940;2
chr5;234117;234917;1
chr5;234674;240969;2
chr6;590972;592387;2
chr6;70795;71611;1
chr6;1123711;1124587;1
chr6;1125291;1125943;1
chr6;4914;6063;1
chr6;29168;30154;2
chr6;251482;252453;1
chr6;252665;254812;2
chr6;255822;256784;2
chr6;256848;259177;1
chr6;259815;260360;2
chr6;260738;262434;2
chr6;262495;264171;2
chr6;265323;266012;1
chr6;266434;267560;2
chr6;269107;269581;1
chr6;269763;271054;2
chr6;30271;31140;2
chr6;271684;273288;1
chr6;273542;274918;1
chr6;275875;278328;1
chr6;278456;278529;1
chr6;278644;280470;1
chr6;280759;283369;2
chr6;283532;284876;1
chr6;285010;287136;1
chr6;287586;288837;1
chr6;289177;296403;1
chr6;296648;297391;2
chr6;31940;33385;2
chr6;297484;298308;2
chr6;298377;299066;2
chr6;298735;299205;1
chr6;299243;299629;1
chr6;300209;301578;2
chr6;301625;302092;1
chr6;302408;304012;2
chr6;304135;308595;1
chr6;308627;310399;2
chr6;310615;315279;1
chr6;315664;316287;2
chr6;33720;36335;2
chr6;316408;317472;2
chr6;317919;319217;2
chr6;319319;320077;1
chr6;320285;321864;2
chr6;322152;325769;2
chr6;326265;327797;1
chr6;328283;328906;1
chr6;328383;328986;1
chr6;329195;330205;2
chr6;330921;332243;2
chr6;332402;333090;2
chr6;37353;40136;2
chr6;333235;333891;1
chr6;333918;337268;2
chr6;337316;339741;2
chr6;339946;342270;2
chr6;342453;343376;1
chr6;343832;345967;1
chr6;346205;348697;2
chr6;348794;349879;2
chr6;350153;352792;2
chr6;353003;354813;1
chr6;354959;355546;2
chr6;40863;41747;1
chr6;355682;356675;2
chr6;357440;359524;1
chr6;359698;361383;2
chr6;361402;363701;2
chr6;363895;365013;2
chr6;365386;365967;2
chr6;366127;367023;2
chr6;368614;369651;2
chr6;369717;371165;2
chr6;371856;375410;2
chr6;42328;44400;1
chr6;375815;376123;2
chr6;377439;379214;1
chr6;379261;380486;1
chr6;380759;381498;1
chr6;381666;382499;2
chr6;383037;384140;1
chr6;384460;385077;2
chr6;385413;388793;2
chr6;388808;390139;2
chr6;390260;391738;2
chr6;391747;394131;1
chr6;44543;45486;2
chr6;394483;395124;2
chr6;395149;396906;2
chr6;397247;398092;1
chr6;398173;398709;2
chr6;398797;415425;2
chr6;415804;416796;2
chr6;416876;419707;2
chr6;419877;421883;2
chr6;422089;423834;2
chr6;423887;426766;2
chr6;45826;47376;2
chr6;426863;427630;2
chr6;427739;428413;1
chr6;428465;429302;2
chr6;429447;430922;2
chr6;430954;432672;2
chr6;432862;433741;2
chr6;433925;434269;1
chr6;434297;434821;2
chr6;434939;435793;2
chr6;435968;436398;1
chr6;48415;50244;2
chr6;436868;439012;2
chr6;439165;439701;2
chr6;439761;442538;2
chr6;442774;444588;1
chr6;444606;447443;2
chr6;448427;450841;2
chr6;451005;453434;2
chr6;454167;461168;1
chr6;461486;462106;1
chr6;462140;465175;1
chr6;8697;9905;2
chr6;50474;51847;2
chr6;465283;470313;1
chr6;470588;471634;2
chr6;473447;475615;2
chr6;475792;476646;2
chr6;476991;484985;2
chr6;485005;488325;2
chr6;488900;493666;2
chr6;493979;494052;1
chr6;494191;499080;2
chr6;52448;55999;2
chr6;499428;504365;1
chr6;504515;507409;1
chr6;507423;508067;1
chr6;508378;509429;2
chr6;510140;513757;2
chr6;513892;515427;2
chr6;515551;515627;1
chr6;515992;516795;2
chr6;516873;517529;1
chr6;517625;518143;2
chr6;518359;521178;2
chr6;521364;522590;2
chr6;56249;57080;2
chr6;522605;524470;2
chr6;524705;525568;2
chr6;526562;527593;2
chr6;527932;529425;2
chr6;529630;534145;2
chr6;534230;535426;2
chr6;535868;538180;2
chr6;538257;540332;1
chr6;540441;541730;2
chr6;541760;543289;2
chr6;57463;58794;2
chr6;543733;549753;2
chr6;549965;551041;2
chr6;551141;556105;2
chr6;556628;557536;1
chr6;557965;559764;2
chr6;559833;560696;2
chr6;560698;561687;2
chr6;562047;564155;2
chr6;564167;565605;2
chr6;565632;568186;2
chr6;59087;62254;2
chr6;568294;568648;2
chr6;568770;569120;2
chr6;569149;569958;2
chr6;570063;570379;1
chr6;570642;571202;2
chr6;571412;572203;1
chr6;572584;575289;2
chr6;575712;576191;2
chr6;576391;578358;2
chr6;578542;579570;2
chr6;579848;582241;2
chr6;582486;582568;1
chr6;62852;64169;2
chr6;582781;587235;1
chr6;587288;587952;1
chr6;588105;589085;2
chr6;589125;589899;2
chr6;590100;591038;2
chr6;592373;593515;2
chr6;594030;597434;1
chr6;597597;598694;2
chr6;599477;602260;1
chr6;602368;604026;2
chr6;64805;65956;2
chr6;605218;607296;1
chr6;607743;608465;2
chr6;609137;609928;2
chr6;65859;68190;2
chr6;610339;615168;1
chr6;610993;611100;1
chr6;615165;616874;2
chr6;617356;618177;2
chr6;618318;621644;2
chr6;621669;623141;1
chr6;623524;626271;1
chr6;627932;628909;2
chr6;629650;632223;2
chr6;632655;634205;1
chr6;634806;636071;1
chr6;68282;70221;2
chr6;636840;637613;2
chr6;637918;638952;2
chr6;640116;641315;2
chr6;641324;642409;1
chr6;642493;643956;2
chr6;644413;646611;1
chr6;646745;649018;2
chr6;649529;649950;2
chr6;650294;650834;2
chr6;650789;651904;2
chr6;652079;654913;2
chr6;655036;657129;2
chr6;657149;657799;2
chr6;657996;659662;2
chr6;659941;660968;1
chr6;661542;663635;1
chr6;664061;664813;1
chr6;664859;665881;1
chr6;666244;667464;1
chr6;71696;72649;1
chr6;667512;668174;2
chr6;668227;668835;1
chr6;669351;669935;1
chr6;670394;671659;1
chr6;671820;676034;2
chr6;676270;680673;2
chr6;681658;684474;2
chr6;684848;685588;2
chr6;686019;687779;2
chr6;688071;688958;2
chr6;689607;690389;1
chr6;10961;11782;1
chr6;73060;73722;1
chr6;690513;691482;2
chr6;691946;694431;2
chr6;695287;696570;1
chr6;696887;701221;2
chr6;701430;702734;2
chr6;703182;707242;1
chr6;707708;708459;1
chr6;708998;710797;1
chr6;711363;713315;1
chr6;713776;718272;1
chr6;718473;719009;2
chr6;75254;78471;1
chr6;719165;720298;2
chr6;720782;724354;1
chr6;721705;722103;1
chr6;725568;727952;1
chr6;77540;78537;1
chr6;727984;729741;1
chr6;730336;734211;2
chr6;734778;736235;2
chr6;736706;739697;2
chr6;740347;742824;2
chr6;743258;743726;2
chr6;744980;747310;2
chr6;79625;82051;2
chr6;747764;749287;1
chr6;749719;751432;2
chr6;751604;753452;2
chr6;753533;755641;2
chr6;755889;757646;2
chr6;757825;758613;1
chr6;758679;759142;1
chr6;759593;762223;1
chr6;762455;763567;2
chr6;764532;767624;2
chr6;767922;773901;2
chr6;82081;83021;2
chr6;774262;775197;2
chr6;775119;776846;2
chr6;776937;780173;2
chr6;780411;781093;2
chr6;781857;783029;1
chr6;783609;784891;2
chr6;785028;786618;2
chr6;786894;788192;2
chr6;789249;795725;2
chr6;83712;84476;1
chr6;796139;799078;2
chr6;799324;802110;2
chr6;802713;805195;2
chr6;805343;806224;2
chr6;806549;807118;1
chr6;807253;808102;2
chr6;809474;811816;1
chr6;812429;813160;1
chr6;813372;815472;1
chr6;815659;816620;2
chr6;816654;817786;2
chr6;818446;819045;1
chr6;819697;823896;1
chr6;824432;826825;2
chr6;827260;828171;2
chr6;828767;829887;2
chr6;830028;831647;2
chr6;832164;832234;1
chr6;832488;835487;2
chr6;835676;836503;2
chr6;836852;838274;2
chr6;85459;85830;2
chr6;838583;839332;1
chr6;840320;841735;2
chr6;841791;842981;2
chr6;843717;844989;1
chr6;845474;847486;2
chr6;848645;850372;2
chr6;850601;857593;2
chr6;858339;859562;2
chr6;859753;860508;2
chr6;860727;861359;1
chr6;861972;863711;1
chr6;864267;865772;2
chr6;866381;866560;2
chr6;867223;867294;1
chr6;867366;868318;2
chr6;868907;875716;2
chr6;876386;877111;2
chr6;877226;879154;2
chr6;879891;882559;1
chr6;883313;883783;1
chr6;883675;884787;1
chr6;884904;885533;1
chr6;886254;887989;2
chr6;89178;89621;2
chr6;888235;889906;2
chr6;890023;891018;2
chr6;891142;892545;2
chr6;893193;894095;2
chr6;894260;896419;2
chr6;896484;896888;2
chr6;897551;901998;2
chr6;900867;901430;2
chr6;902206;903828;1
chr6;904102;905523;2
chr6;905640;905969;1
chr6;89840;92377;1
chr6;906625;907659;1
chr6;907795;909345;2
chr6;909818;912463;2
chr6;913002;915758;1
chr6;917052;917930;1
chr6;919118;922003;2
chr6;922197;925670;2
chr6;925762;926421;2
chr6;926677;927150;1
chr6;927808;929115;2
chr6;12447;13025;1
chr6;93186;94537;2
chr6;930566;932503;1
chr6;932646;933131;1
chr6;933755;937375;2
chr6;937901;941014;1
chr6;941068;944837;2
chr6;945233;947635;1
chr6;947933;948671;2
chr6;948755;951017;2
chr6;951126;952854;2
chr6;953737;954768;1
chr6;95136;96596;2
chr6;955353;955658;1
chr6;956063;961367;2
chr6;961767;962634;1
chr6;962815;963711;2
chr6;963978;966068;2
chr6;966693;971609;2
chr6;972260;973387;2
chr6;973878;974966;2
chr6;975265;978267;1
chr6;978280;978894;2
chr6;979594;980262;2
chr6;97384;98517;1
chr6;982063;983577;2
chr6;983987;987541;2
chr6;988117;989535;2
chr6;989827;991296;1
chr6;993549;995078;2
chr6;995238;998099;2
chr6;998190;998921;2
chr6;999185;999988;2
chr6;1000458;1001828;1
chr6;1002285;1013702;2
chr6;99446;99928;1
chr6;1014221;1016395;1
chr6;1016628;1022423;2
chr6;1022484;1023455;2
chr6;1023742;1024695;2
chr6;1025214;1029882;2
chr6;1030424;1031722;2
chr6;1031812;1032519;1
chr6;1033141;1034933;2
chr6;1035694;1037184;2
chr6;1037387;1039120;1
chr6;100068;101669;2
chr6;1039879;1042038;2
chr6;1042208;1045462;2
chr6;1045696;1048668;2
chr6;1048948;1049952;1
chr6;1050992;1052242;1
chr6;1052377;1052742;2
chr6;1053014;1060690;2
chr6;1063119;1065386;1
chr6;1066421;1067947;2
chr6;1068290;1068362;1
chr6;1068791;1069441;2
chr6;101705;102787;1
chr6;1069622;1072729;2
chr6;1072931;1074880;2
chr6;1075167;1077363;1
chr6;1077708;1080745;1
chr6;1080961;1081932;2
chr6;1082874;1085639;2
chr6;1085908;1091682;2
chr6;1091957;1093402;2
chr6;1093718;1094677;2
chr6;1095158;1096132;2
chr6;103183;103758;1
chr6;1096773;1097321;2
chr6;1097645;1098803;2
chr6;1099081;1099657;2
chr6;1100123;1100749;2
chr6;1100963;1103243;1
chr6;1103677;1106962;2
chr6;1108801;1110381;2
chr6;1110682;1112418;2
chr6;1112675;1114348;2
chr6;1114399;1116474;2
chr6;104389;105744;2
chr6;1116967;1120818;2
chr6;1121057;1123477;2
chr6;1126983;1127819;2
chr6;1128784;1129617;1
chr6;1129837;1132932;2
chr6;1134602;1136024;2
chr6;1136513;1137541;2
chr6;1137737;1138957;1
chr6;1138981;1139627;2
chr6;1139746;1143276;2
chr6;106404;107630;1
chr6;1143594;1144913;2
chr6;1145519;1145845;1
chr6;1146283;1146606;1
chr6;1147168;1148889;2
chr6;1150541;1154654;2
chr6;1155401;1157131;2
chr6;1157330;1159546;2
chr6;1159697;1161391;1
chr6;1161969;1163174;2
chr6;1163508;1164848;2
chr6;107722;109537;2
chr6;1165608;1166024;2
chr6;1166660;1168423;2
chr6;1169246;1170967;1
chr6;1171011;1171092;1
chr6;1172150;1174804;2
chr6;1175436;1176794;2
chr6;1177490;1178278;1
chr6;1178768;1180224;2
chr6;1180368;1182224;2
chr6;1182375;1182758;1
chr6;1182792;1183943;2
chr6;1184354;1184607;1
chr6;14408;14932;1
chr6;111056;116959;2
chr6;1184868;1188731;2
chr6;1190825;1191352;2
chr6;1191652;1192570;2
chr6;1192680;1194049;1
chr6;1194458;1196467;2
chr6;1197010;1198473;2
chr6;1198821;1200431;2
chr6;1200860;1202581;2
chr6;116831;118044;2
chr6;1203161;1204483;2
chr6;1204646;1205186;2
chr6;1205304;1213439;1
chr6;1213658;1214344;2
chr6;1214652;1216046;2
chr6;1216456;1217865;2
chr6;1217955;1219334;2
chr6;1220015;1221046;2
chr6;1221053;1223530;2
chr6;1224123;1226330;1
chr6;119687;122998;2
chr6;1231542;1233470;2
chr6;1234191;1235558;1
chr6;1236251;1238305;2
chr6;1238615;1245313;2
chr6;1246065;1248317;2
chr6;1248735;1249217;1
chr6;1249613;1252957;1
chr6;123307;125532;2
chr6;1256369;1260277;1
chr6;1260608;1263418;2
chr6;1264216;1266936;1
chr6;1268000;1269697;2
chr6;1270171;1272519;2
chr6;1273152;1274612;1
chr6;1275041;1276078;1
chr6;1276259;1280491;1
chr6;1281284;1282915;1
chr6;125644;128484;2
chr6;1283113;1285116;1
chr6;1285380;1287515;1
chr6;1287837;1291787;1
chr6;1292454;1293800;1
chr6;1294457;1298290;1
chr6;1298956;1304527;2
chr6;1304878;1306167;2
chr6;1316162;1316980;1
chr6;1318890;1319579;2
chr6;1320106;1320810;2
chr6;129299;130939;2
chr6;1321420;1322304;1
chr6;1325091;1326563;2
chr6;1326748;1328460;2
chr6;131470;134481;2
chr6;134982;135422;2
chr6;136637;140227;2
chr6;140668;144264;2
chr6;17815;22503;1
chr6;145149;146318;1
chr6;146322;148321;2
chr6;148480;150059;2
chr6;151350;151910;2
chr6;151937;154681;1
chr6;155302;157881;2
chr6;158849;160750;2
chr6;160857;165680;2
chr6;166259;171256;2
chr6;171467;172525;2
chr6;22636;23934;2
chr6;173420;174439;2
chr6;175179;176549;1
chr6;178806;182072;2
chr6;182197;188010;2
chr6;189158;190507;1
chr6;190951;191973;2
chr6;192331;195303;2
chr6;196349;196669;2
chr6;197262;198038;1
chr6;198786;200889;2
chr6;24270;25652;2
chr6;201480;202930;2
chr6;203292;204551;2
chr6;205335;206249;1
chr6;206578;215695;2
chr6;216759;218280;2
chr6;218609;220183;2
chr6;220378;221157;1
chr6;221675;223958;1
chr6;224130;224202;1
chr6;225101;231192;2
chr6;231881;232396;1
chr6;26308;28647;2
chr6;232437;234578;2
chr6;235153;235632;2
chr6;236095;237697;2
chr6;238149;239412;2
chr6;239647;241559;2
chr6;242237;243559;2
chr6;244163;246363;2
chr6;246687;248159;2
chr6;248189;249592;2
chr6;249843;250958;2
chr6;471776;473339;2
chr6;1189262;1190579;2
chr6;1253061;1255856;1
chr7;537421;540297;2
chr7;59148;60311;2
chr7;1181259;1183538;1
chr7;175783;178405;2
chr7;5947;9234;1
chr7;33467;34501;2
chr7;243560;244612;2
chr7;244613;262199;2
chr7;263294;263728;2
chr7;263999;264751;2
chr7;265372;266050;2
chr7;266304;267623;2
chr7;267710;268753;1
chr7;268735;270438;2
chr7;270576;271625;2
chr7;273303;274493;2
chr7;35119;38139;2
chr7;274498;276510;1
chr7;276633;278281;2
chr7;278783;281063;2
chr7;281248;285850;2
chr7;286488;288822;1
chr7;288766;289867;1
chr7;290391;293966;2
chr7;293331;298242;2
chr7;298784;302139;2
chr7;302385;303068;2
chr7;303626;306109;2
chr7;38545;39723;2
chr7;306249;309290;2
chr7;310203;310814;1
chr7;311031;312818;1
chr7;313022;314585;1
chr7;314708;315694;1
chr7;315812;316117;1
chr7;316366;319494;2
chr7;319347;332389;1
chr7;333290;334272;1
chr7;334718;336457;1
chr7;9631;12863;1
chr7;40572;42088;2
chr7;336939;341390;2
chr7;342055;344402;2
chr7;344622;346184;2
chr7;346374;348875;2
chr7;349164;353042;1
chr7;354073;355576;1
chr7;356988;360026;2
chr7;360653;361234;1
chr7;361355;362371;2
chr7;362520;363521;2
chr7;42120;44843;2
chr7;363648;365840;2
chr7;366691;368926;2
chr7;369293;369670;1
chr7;369854;371245;2
chr7;371387;373336;2
chr7;373631;374740;1
chr7;375157;375417;2
chr7;375651;376685;2
chr7;376707;378212;1
chr7;378391;380172;2
chr7;44866;45528;1
chr7;380465;383509;2
chr7;383547;386644;1
chr7;386876;388267;2
chr7;388039;389661;2
chr7;390384;392784;2
chr7;393422;395944;1
chr7;396599;397402;2
chr7;397602;397985;1
chr7;398244;398620;1
chr7;398814;401279;2
chr7;401218;405839;1
chr7;406465;407649;2
chr7;45651;46859;2
chr7;407841;408509;2
chr7;408732;412198;2
chr7;412266;412847;2
chr7;412937;415227;2
chr7;415311;416858;2
chr7;417091;418639;2
chr7;418851;419235;1
chr7;420330;421404;1
chr7;422500;425898;2
chr7;426170;427124;2
chr7;427236;428264;2
chr7;428655;429583;2
chr7;47030;48643;2
chr7;429622;430498;2
chr7;431391;433682;2
chr7;434134;434777;1
chr7;434856;435793;2
chr7;434856;441028;2
chr7;441433;442788;2
chr7;442872;444089;2
chr7;444239;448196;2
chr7;448289;448609;2
chr7;448689;452600;2
chr7;452658;455648;2
chr7;455832;456772;1
chr7;48787;49227;1
chr7;457154;461290;2
chr7;461559;463601;2
chr7;463776;464396;2
chr7;464864;466828;2
chr7;467041;469219;2
chr7;469258;473358;2
chr7;473461;474072;2
chr7;474193;474902;2
chr7;475102;477558;2
chr7;49514;51056;2
chr7;478353;480059;2
chr7;480221;483031;2
chr7;483876;484310;2
chr7;484390;487716;2
chr7;488171;489865;2
chr7;490455;491024;2
chr7;491038;493135;2
chr7;493647;495122;2
chr7;495615;497093;2
chr7;497149;497924;1
chr7;12762;13457;2
chr7;51252;52310;1
chr7;498203;500755;2
chr7;501194;503107;2
chr7;503165;503760;1
chr7;504072;504971;2
chr7;505448;505529;1
chr7;505894;506311;2
chr7;506425;507594;2
chr7;507646;508301;2
chr7;508711;511863;2
chr7;512067;513560;2
chr7;513781;515154;2
chr7;52332;53270;2
chr7;515260;522361;2
chr7;522699;523714;2
chr7;523760;524414;1
chr7;524551;525462;1
chr7;525531;527108;2
chr7;527259;527971;2
chr7;528196;528755;1
chr7;529734;531122;2
chr7;531146;533506;2
chr7;533944;534801;1
chr7;534923;535815;1
chr7;535916;536497;2
chr7;53704;54342;2
chr7;536624;537220;1
chr7;540567;543071;1
chr7;543347;545116;1
chr7;545687;546592;2
chr7;546710;547708;1
chr7;547836;548954;1
chr7;549624;550022;2
chr7;550762;551542;2
chr7;54664;55539;2
chr7;551759;552259;2
chr7;552413;554068;2
chr7;554577;555596;2
chr7;555687;556526;2
chr7;556724;563395;2
chr7;563671;564078;1
chr7;564031;564558;1
chr7;565132;566529;2
chr7;566817;567674;2
chr7;567743;569041;1
chr7;569088;570623;2
chr7;570594;571257;1
chr7;55790;56701;1
chr7;571300;571793;2
chr7;571834;573072;2
chr7;573460;573807;2
chr7;574430;575812;2
chr7;576103;581472;2
chr7;581505;582869;2
chr7;583173;584312;2
chr7;584407;585105;2
chr7;585486;586208;1
chr7;586598;587086;1
chr7;586983;588143;2
chr7;56707;58965;2
chr7;588254;589001;2
chr7;589175;589909;2
chr7;590476;590859;1
chr7;591262;592170;1
chr7;592278;599441;2
chr7;599728;600090;2
chr7;600395;601137;2
chr7;601148;603352;2
chr7;603645;607211;2
chr7;607219;610259;2
chr7;610463;614881;2
chr7;615052;616794;2
chr7;616921;620712;2
chr7;621040;622779;2
chr7;622848;623807;2
chr7;623918;625138;2
chr7;625279;627384;2
chr7;627987;628949;2
chr7;629491;631372;2
chr7;631996;632835;1
chr7;60927;64424;2
chr7;632863;636777;2
chr7;636910;638865;2
chr7;639264;644612;2
chr7;644811;646925;2
chr7;646958;648306;2
chr7;648648;651188;1
chr7;651840;659168;2
chr7;659610;664163;2
chr7;664264;666720;1
chr7;666980;668255;2
chr7;64781;65959;2
chr7;668327;669079;2
chr7;669088;669885;2
chr7;670061;672712;1
chr7;672878;675271;1
chr7;675391;675921;2
chr7;676088;678109;2
chr7;678303;680780;1
chr7;681594;685421;1
chr7;686315;686761;2
chr7;686799;687860;1
chr7;66995;68935;2
chr7;688087;689028;2
chr7;689161;691164;2
chr7;691316;693691;2
chr7;693718;694380;1
chr7;694862;696469;2
chr7;696835;698052;2
chr7;698072;699112;1
chr7;699218;699718;2
chr7;700264;701595;2
chr7;702537;703572;2
chr7;13964;21388;1
chr7;69239;74263;2
chr7;704242;704898;2
chr7;705286;705900;1
chr7;706024;707418;2
chr7;707825;710473;2
chr7;711473;716437;2
chr7;716534;718489;2
chr7;719459;722410;2
chr7;722698;723477;1
chr7;723563;725560;2
chr7;725856;727916;1
chr7;74341;75947;2
chr7;727945;729609;2
chr7;730108;731358;2
chr7;731533;733293;2
chr7;733476;734669;2
chr7;734936;735586;1
chr7;735769;737682;2
chr7;737960;739307;1
chr7;739405;740058;2
chr7;740276;741946;2
chr7;742433;743368;2
chr7;76084;77480;2
chr7;744818;745813;1
chr7;746263;747219;1
chr7;747332;748165;1
chr7;748341;749054;2
chr7;749260;749521;2
chr7;749868;750659;2
chr7;750977;751768;2
chr7;751866;755249;2
chr7;755608;756180;2
chr7;756985;758850;2
chr7;78604;80445;2
chr7;758962;759798;2
chr7;759910;760206;2
chr7;760471;763092;2
chr7;763182;764333;2
chr7;764585;765130;1
chr7;765433;767394;2
chr7;767424;769919;1
chr7;770007;770957;1
chr7;771689;772315;2
chr7;772665;775049;2
chr7;80687;82885;2
chr7;776186;776623;1
chr7;776919;778697;2
chr7;778751;779251;1
chr7;779380;781293;2
chr7;781501;782432;1
chr7;782487;784394;2
chr7;784523;785395;1
chr7;785835;789827;2
chr7;789816;791734;2
chr7;791914;792666;2
chr7;83213;84337;1
chr7;792775;793581;2
chr7;793624;796157;2
chr7;797202;797602;2
chr7;84517;85063;2
chr7;797710;799194;2
chr7;799376;800944;1
chr7;801272;802720;1
chr7;802804;803400;1
chr7;803421;805295;1
chr7;805408;805797;1
chr7;805825;807795;2
chr7;807892;809547;2
chr7;85466;88324;2
chr7;809587;811524;2
chr7;812429;813331;2
chr7;813417;818646;2
chr7;814886;816328;1
chr7;816396;818646;1
chr7;818775;820412;2
chr7;820511;821350;2
chr7;821536;822387;2
chr7;822605;824968;2
chr7;825034;827409;2
chr7;827620;829830;2
chr7;88427;90610;2
chr7;830042;830497;1
chr7;830625;832631;2
chr7;832784;836610;2
chr7;836947;838347;2
chr7;838351;839034;1
chr7;839162;841546;2
chr7;841953;842864;2
chr7;843087;843625;1
chr7;843577;843915;2
chr7;844545;846335;2
chr7;846632;849082;2
chr7;90845;92584;1
chr7;849399;858104;2
chr7;858475;863622;1
chr7;863848;868113;1
chr7;868463;870375;1
chr7;870518;872770;1
chr7;873022;873735;1
chr7;873954;877733;1
chr7;877990;882987;2
chr7;882867;883461;2
chr7;883858;885741;2
chr7;886078;887481;1
chr7;887508;888581;2
chr7;92660;93817;2
chr7;889090;889983;1
chr7;890190;891887;2
chr7;892205;892708;2
chr7;892781;893901;2
chr7;894022;895212;2
chr7;895261;896556;2
chr7;896709;897992;2
chr7;898124;898558;2
chr7;899266;901044;2
chr7;901107;901371;2
chr7;21516;23990;2
chr7;94398;96081;1
chr7;901805;903225;1
chr7;903438;906113;2
chr7;906581;912394;2
chr7;912870;912940;1
chr7;913086;914998;1
chr7;915147;915688;1
chr7;916020;916268;2
chr7;916642;918684;2
chr7;918625;920049;2
chr7;920207;921562;2
chr7;921611;923686;2
chr7;924293;924603;1
chr7;96168;98235;2
chr7;925062;927459;2
chr7;927920;929509;2
chr7;930106;931350;2
chr7;931545;933071;2
chr7;933311;934537;2
chr7;934748;936637;2
chr7;936766;938679;2
chr7;938873;939979;2
chr7;940557;941145;2
chr7;941477;944866;2
chr7;99194;105551;2
chr7;945443;945847;2
chr7;946136;946520;2
chr7;946679;947170;1
chr7;947389;948987;2
chr7;949072;950904;1
chr7;951139;952023;2
chr7;952050;954045;2
chr7;954257;956077;1
chr7;956684;957433;2
chr7;957897;961238;2
chr7;962078;963643;2
chr7;106361;107323;2
chr7;963855;964993;2
chr7;965402;970399;2
chr7;970962;971993;2
chr7;972197;973981;2
chr7;974078;976090;1
chr7;976093;985821;1
chr7;986082;991064;2
chr7;991518;992632;2
chr7;992875;993467;2
chr7;993572;994357;2
chr7;994500;995597;2
chr7;107395;109134;2
chr7;996332;997723;2
chr7;997891;998868;2
chr7;998933;1001413;2
chr7;1001995;1002324;1
chr7;1002482;1003360;2
chr7;1003446;1004594;2
chr7;1005280;1005834;2
chr7;1006559;1007920;2
chr7;1007994;1009145;2
chr7;1009802;1014736;2
chr7;109479;111373;2
chr7;1016373;1018883;1
chr7;1018951;1024424;2
chr7;1024954;1029554;2
chr7;1029885;1035560;2
chr7;1036236;1037342;1
chr7;1037410;1037718;2
chr7;1038167;1047415;2
chr7;1047799;1048479;2
chr7;1048667;1049032;2
chr7;1049073;1050281;2
chr7;111937;116026;2
chr7;1050381;1052093;2
chr7;1052267;1053334;2
chr7;1053808;1056148;2
chr7;1056106;1056900;2
chr7;1057017;1057961;2
chr7;1057988;1058473;2
chr7;1059463;1060860;2
chr7;1061110;1061335;1
chr7;1061610;1062065;1
chr7;1062186;1063352;1
chr7;1063482;1066226;2
chr7;116451;117437;2
chr7;1066544;1067191;2
chr7;1067289;1068284;2
chr7;1068543;1069634;1
chr7;1070060;1071556;1
chr7;1071695;1072863;2
chr7;1073118;1074881;2
chr7;1074865;1075846;1
chr7;1076112;1077481;2
chr7;1077739;1078128;2
chr7;1078867;1079591;2
chr7;1079579;1081633;2
chr7;117651;118833;2
chr7;1082042;1083901;2
chr7;1084667;1086805;2
chr7;1087218;1088469;2
chr7;1088676;1088769;1
chr7;1088990;1091854;2
chr7;1092241;1093047;2
chr7;1093033;1094123;2
chr7;1094299;1099113;1
chr7;1099202;1100083;1
chr7;1100371;1100859;2
chr7;1100631;1101902;2
chr7;1102154;1103538;1
chr7;119676;120320;1
chr7;1103751;1107001;2
chr7;1107433;1108368;2
chr7;1109160;1110833;2
chr7;1111441;1113882;2
chr7;1114119;1115210;2
chr7;1115821;1115894;1
chr7;1116378;1118432;2
chr7;1119415;1121980;2
chr7;1122479;1122598;1
chr7;1123150;1123269;1
chr7;1124061;1124180;1
chr7;1124880;1131335;1
chr7;1131455;1151497;2
chr7;1145137;1145239;1
chr7;1;421;1
chr7;24420;24800;1
chr7;120374;122201;2
chr7;1152462;1154844;2
chr7;1155031;1158730;2
chr7;1157734;1157830;1
chr7;1159945;1161788;2
chr7;122317;122911;2
chr7;1162087;1163868;2
chr7;1164056;1167312;1
chr7;1167834;1172021;2
chr7;1172235;1173396;2
chr7;1173535;1174150;1
chr7;1174438;1176450;2
chr7;1177390;1179244;2
chr7;1179441;1183538;2
chr7;1182650;1182753;1
chr7;1182837;1182958;1
chr7;1183329;1183406;1
chr7;1183756;1185126;2
chr7;1185576;1187087;1
chr7;1187322;1192196;1
chr7;1192600;1193804;2
chr7;1194214;1196103;2
chr7;1196269;1196637;2
chr7;1196733;1197263;2
chr7;1197653;1199005;2
chr7;1199338;1200579;1
chr7;122916;125252;2
chr7;1200737;1201609;1
chr7;1202176;1203717;2
chr7;1203926;1205617;2
chr7;1206034;1206570;2
chr7;1206874;1208097;2
chr7;1208518;1209861;2
chr7;1209995;1210593;1
chr7;1210580;1212247;1
chr7;1212959;1214331;2
chr7;1214772;1216545;2
chr7;1216853;1217983;2
chr7;125560;126366;2
chr7;1218367;1220070;2
chr7;1220162;1220770;2
chr7;1221217;1221777;2
chr7;1221928;1223922;2
chr7;1224447;1226093;1
chr7;1227024;1227687;2
chr7;1228071;1230044;1
chr7;1230092;1231267;2
chr7;1231623;1232423;2
chr7;1232515;1233498;1
chr7;127075;128475;2
chr7;1233803;1234411;1
chr7;1234591;1237433;2
chr7;1237745;1239316;2
chr7;1239521;1241266;2
chr7;1241880;1251569;1
chr7;1251769;1252773;1
chr7;1253166;1256066;2
chr7;1256317;1257525;1
chr7;1257665;1264636;2
chr7;1264875;1266063;2
chr7;128733;129941;1
chr7;1266272;1270723;2
chr7;1271197;1271916;1
chr7;1272574;1275429;2
chr7;1275748;1276053;1
chr7;131121;133115;2
chr7;133561;134919;2
chr7;135278;138445;1
chr7;138516;140998;2
chr7;920;1071;1
chr7;24835;26389;2
chr7;141138;142982;1
chr7;143133;143848;2
chr7;144638;145849;2
chr7;145999;146946;2
chr7;147283;150622;2
chr7;150767;153261;2
chr7;153672;154520;2
chr7;155285;156220;2
chr7;156633;158972;2
chr7;159266;159782;2
chr7;1582;3330;1
chr7;26721;28662;2
chr7;160119;160778;2
chr7;161011;164730;2
chr7;165418;166512;2
chr7;167286;167726;1
chr7;168060;172971;1
chr7;173025;174167;1
chr7;174540;175137;2
chr7;179181;183545;2
chr7;183951;185426;1
chr7;186643;187002;1
chr7;28649;29759;2
chr7;187679;188503;1
chr7;189033;190405;2
chr7;190612;193254;2
chr7;193360;194838;2
chr7;195260;195664;1
chr7;195905;199864;2
chr7;200606;209061;2
chr7;209417;210196;1
chr7;210640;212400;2
chr7;213280;215574;2
chr7;29891;32629;2
chr7;215727;217238;1
chr7;217652;218866;2
chr7;219850;223053;2
chr7;223591;225327;2
chr7;226389;227249;2
chr7;228665;230435;2
chr7;230770;232374;1
chr7;233298;236476;2
chr7;236830;241512;2
chr7;241964;243337;1
chr8;318410;323095;2
chr8;383871;384792;1
chr8;1678;2821;1
chr8;26745;30723;1
chr8;275334;276784;1
chr8;277631;278164;1
chr8;276880;279571;2
chr8;279944;281959;2
chr8;282062;283011;2
chr8;284638;287009;1
chr8;287080;289330;2
chr8;289728;291137;2
chr8;291137;293245;2
chr8;293415;294909;1
chr8;30910;31317;1
chr8;295052;298957;2
chr8;299651;300313;2
chr8;300652;301391;1
chr8;301571;303704;2
chr8;304257;305556;2
chr8;305944;306540;2
chr8;306920;308769;2
chr8;308971;310533;1
chr8;311147;312709;2
chr8;313840;316468;2
chr8;317198;318033;1
chr8;31448;31816;1
chr8;322772;324104;2
chr8;324425;326815;2
chr8;327657;329849;2
chr8;330306;338492;2
chr8;343204;345363;1
chr8;345686;352104;2
chr8;352522;353022;2
chr8;352988;354734;1
chr8;32231;34037;2
chr8;354919;359774;2
chr8;359393;360919;1
chr8;361624;364335;2
chr8;364558;365439;1
chr8;365790;374210;1
chr8;374697;375779;2
chr8;376162;378717;1
chr8;378935;380398;2
chr8;380716;383718;1
chr8;34159;38547;1
chr8;385052;386465;2
chr8;386997;388613;2
chr8;388625;392332;2
chr8;393469;395727;2
chr8;396110;396817;2
chr8;396923;398293;2
chr8;398968;402456;2
chr8;402868;405555;2
chr8;405778;406547;2
chr8;406529;408018;2
chr8;408095;409643;2
chr8;408095;409643;1
chr8;408095;409643;1
chr8;38922;40388;2
chr8;409824;413018;2
chr8;413323;418137;2
chr8;418677;422294;2
chr8;422465;427903;2
chr8;427802;428596;2
chr8;429355;430723;2
chr8;430638;431307;2
chr8;431420;433220;2
chr8;433425;433498;1
chr8;433647;435089;2
chr8;434793;438779;1
chr8;435103;435538;1
chr8;40350;42477;2
chr8;439746;442525;2
chr8;442664;449026;2
chr8;449677;451337;2
chr8;451673;452933;2
chr8;453026;453966;2
chr8;454005;454831;2
chr8;455217;456645;2
chr8;456708;458657;2
chr8;458851;461302;2
chr8;461669;461998;1
chr8;42848;46711;2
chr8;462348;463790;2
chr8;464008;465172;1
chr8;465117;467720;2
chr8;468516;469706;2
chr8;469719;474434;2
chr8;474874;476570;1
chr8;477182;480904;2
chr8;481034;481582;1
chr8;482080;485451;1
chr8;486063;488456;1
chr8;489284;490726;1
chr8;46740;54194;2
chr8;491552;492649;1
chr8;493165;494142;2
chr8;494235;496943;2
chr8;498156;499541;2
chr8;499954;501478;2
chr8;502304;503469;2
chr8;504274;506388;2
chr8;506429;507337;2
chr8;508342;509733;2
chr8;509796;512230;2
chr8;512453;513078;1
chr8;54583;57096;2
chr8;512768;515509;2
chr8;515898;518328;2
chr8;516575;519310;2
chr8;57611;58303;1
chr8;519981;530168;2
chr8;531210;533717;2
chr8;533574;534431;2
chr8;533574;534431;1
chr8;535078;537177;1
chr8;537316;539207;2
chr8;539375;540637;2
chr8;540950;543850;2
chr8;5285;8059;2
chr8;58673;62065;1
chr8;543907;547083;2
chr8;547790;548972;2
chr8;549078;550250;2
chr8;550830;551954;2
chr8;552000;553158;2
chr8;553339;559807;2
chr8;559744;561973;1
chr8;562370;564751;2
chr8;564849;566675;1
chr8;567592;572577;2
chr8;62255;63616;2
chr8;572947;574933;2
chr8;575198;576594;2
chr8;576659;577336;2
chr8;577952;579496;2
chr8;580168;581195;2
chr8;580758;581069;1
chr8;581346;582134;2
chr8;582878;584203;2
chr8;584485;585286;2
chr8;586291;587892;2
chr8;587995;588490;1
chr8;63744;64316;2
chr8;588596;590187;2
chr8;590497;591804;2
chr8;592392;595023;2
chr8;595507;595926;2
chr8;596190;596610;1
chr8;597200;601252;2
chr8;601387;604551;2
chr8;605311;608502;1
chr8;608287;609733;1
chr8;610167;610958;2
chr8;64476;65441;2
chr8;610946;616825;2
chr8;616974;617746;1
chr8;619280;621469;1
chr8;621963;626094;2
chr8;625752;626889;2
chr8;627096;629214;2
chr8;629576;630767;2
chr8;630763;632392;2
chr8;632541;634913;2
chr8;635458;637308;2
chr8;65851;66858;1
chr8;637499;638577;1
chr8;638639;641173;2
chr8;642464;643673;2
chr8;643820;645799;2
chr8;644886;648632;2
chr8;649028;652653;2
chr8;652854;654186;2
chr8;654438;656495;1
chr8;655798;657336;1
chr8;658430;660169;2
chr8;660388;662472;1
chr8;67183;68895;2
chr8;663016;664566;1
chr8;664645;665390;2
chr8;665522;669927;2
chr8;670306;673326;2
chr8;673535;674332;1
chr8;674740;678894;2
chr8;679057;679787;1
chr8;680276;682621;2
chr8;682509;683726;1
chr8;683824;685140;2
chr8;685732;686229;1
chr8;69348;72294;1
chr8;686871;687290;1
chr8;687359;688696;2
chr8;689081;691782;1
chr8;691906;692706;2
chr8;692734;693348;2
chr8;693623;704089;1
chr8;704793;706079;1
chr8;706324;708420;2
chr8;708666;709562;1
chr8;709571;710107;2
chr8;72680;74004;2
chr8;710604;712410;2
chr8;712709;714424;2
chr8;714535;718140;2
chr8;718307;725208;2
chr8;725171;726196;1
chr8;726521;727468;1
chr8;727470;728573;1
chr8;728830;729830;1
chr8;729921;733847;2
chr8;734045;734938;2
chr8;735902;748519;2
chr8;74167;75836;1
chr8;748602;750332;2
chr8;750522;751998;2
chr8;751149;753476;2
chr8;753479;755014;2
chr8;755361;757031;1
chr8;757754;760630;1
chr8;759653;760113;1
chr8;760273;761253;2
chr8;761679;762662;2
chr8;763117;763593;2
chr8;763621;764145;2
chr8;75843;77000;2
chr8;764550;765761;2
chr8;765821;769936;2
chr8;770087;771448;2
chr8;77185;77825;2
chr8;771589;774099;2
chr8;774689;775696;2
chr8;775761;777440;2
chr8;777844;779703;2
chr8;779836;781125;2
chr8;781189;782345;2
chr8;782343;783205;1
chr8;8248;11646;2
chr8;77920;79261;2
chr8;783139;785184;2
chr8;785572;785645;1
chr8;785768;789574;2
chr8;789633;790538;1
chr8;790821;792006;1
chr8;792077;794704;2
chr8;796509;798825;2
chr8;799751;801586;2
chr8;801818;803353;2
chr8;803640;807755;2
chr8;807911;808615;2
chr8;79251;79943;2
chr8;808914;812042;2
chr8;812241;815093;2
chr8;815157;815954;1
chr8;816747;818303;2
chr8;818379;819135;1
chr8;819177;820244;2
chr8;820320;821070;2
chr8;821087;821455;2
chr8;821556;821864;2
chr8;822081;822621;1
chr8;822633;825403;2
chr8;825448;826635;2
chr8;80097;82134;1
chr8;826663;827346;2
chr8;827430;830183;2
chr8;829621;831513;2
chr8;831996;834785;2
chr8;834938;837291;2
chr8;837561;839246;2
chr8;838167;841030;2
chr8;841420;841707;1
chr8;841869;843734;2
chr8;843880;844503;2
chr8;844564;847375;2
chr8;847566;848775;2
chr8;83065;84027;1
chr8;849234;851121;2
chr8;851737;852876;2
chr8;853334;855373;2
chr8;855404;856162;2
chr8;856342;857292;2
chr8;857486;860149;2
chr8;860152;861933;2
chr8;862169;863776;2
chr8;864526;868545;2
chr8;868916;870007;2
chr8;84227;85303;2
chr8;870077;871078;2
chr8;871190;871626;2
chr8;871718;872229;1
chr8;872543;873517;2
chr8;874009;876819;2
chr8;877102;879912;2
chr8;880669;881522;2
chr8;881715;883460;2
chr8;883503;885142;2
chr8;885651;886297;2
chr8;886321;887280;1
chr8;85433;87165;2
chr8;887455;891738;2
chr8;891841;892460;2
chr8;892588;896486;1
chr8;897955;899523;2
chr8;900268;901968;2
chr8;903649;905268;1
chr8;905790;907301;2
chr8;908384;910352;2
chr8;910448;911593;1
chr8;911756;913372;2
chr8;87433;88363;2
chr8;914164;916129;1
chr8;916160;918533;1
chr8;918640;919392;1
chr8;919424;919998;2
chr8;920408;924805;2
chr8;925021;925947;2
chr8;925981;926406;1
chr8;926764;928297;2
chr8;928353;929027;1
chr8;929322;937523;2
chr8;937690;938118;2
chr8;88765;92493;2
chr8;938389;939228;1
chr8;939191;939909;2
chr8;940179;941384;1
chr8;941505;942932;2
chr8;943295;944107;1
chr8;944374;946035;2
chr8;946239;948491;1
chr8;948806;955177;2
chr8;955530;957074;2
chr8;957406;957849;2
chr8;957898;958854;2
chr8;92938;95230;2
chr8;959236;960988;1
chr8;961489;962934;2
chr8;963175;963861;1
chr8;963891;964511;1
chr8;964657;965763;2
chr8;966071;968161;1
chr8;968313;971626;2
chr8;969943;971784;2
chr8;972185;974029;2
chr8;94392;95209;2
chr8;974386;976420;2
chr8;976665;978494;2
chr8;978636;979370;1
chr8;979757;981469;2
chr8;981902;983496;2
chr8;983693;986239;2
chr8;986797;987965;2
chr8;988085;989064;2
chr8;989359;990162;1
chr8;990271;991122;1
chr8;14117;16771;2
chr8;96060;97012;2
chr8;991467;997499;2
chr8;997846;1000924;2
chr8;1001156;1004106;1
chr8;1004382;1011052;2
chr8;1011062;1011667;2
chr8;1012236;1013038;2
chr8;1013768;1015467;2
chr8;1016091;1020989;2
chr8;1021050;1022777;2
chr8;1023427;1024235;2
chr8;1024516;1025874;1
chr8;97687;100404;2
chr8;1026083;1028573;2
chr8;1029493;1031298;2
chr8;1031809;1032770;2
chr8;1032818;1034264;2
chr8;1034398;1034884;2
chr8;1035769;1037292;2
chr8;1037304;1039038;1
chr8;1039258;1042552;2
chr8;1044161;1045103;1
chr8;100538;103840;1
chr8;1046241;1048982;1
chr8;1049462;1050361;1
chr8;1051066;1051994;2
chr8;1052238;1054886;2
chr8;1055323;1059556;2
chr8;1060255;1061047;2
chr8;1061328;1061814;1
chr8;1061972;1062340;2
chr8;1062769;1063881;2
chr8;1064374;1066431;2
chr8;1066671;1067869;2
chr8;104129;105298;2
chr8;1068398;1068931;1
chr8;1069043;1069742;2
chr8;1069905;1070791;2
chr8;1071639;1072544;2
chr8;1073314;1075611;2
chr8;1075914;1076939;2
chr8;1077233;1078559;2
chr8;1079192;1082194;2
chr8;1082841;1084136;2
chr8;1084418;1084951;1
chr8;105946;107096;2
chr8;1086278;1087276;2
chr8;1087488;1089128;1
chr8;1089849;1092977;2
chr8;1093325;1093969;2
chr8;1094664;1094736;1
chr8;1095124;1096854;2
chr8;1097644;1099587;1
chr8;1100983;1102605;2
chr8;1102950;1105826;2
chr8;1106380;1108020;1
chr8;1108705;1111116;1
chr8;107500;108600;2
chr8;1111803;1118262;2
chr8;1115391;1119511;1
chr8;1120516;1127184;2
chr8;1128653;1129759;2
chr8;1129937;1132352;2
chr8;1133187;1134613;1
chr8;1135115;1135600;1
chr8;1136048;1137657;1
chr8;1138927;1140510;2
chr8;1140732;1141406;2
chr8;108549;110891;2
chr8;1141438;1142724;1
chr8;1144416;1145039;2
chr8;1145235;1152571;2
chr8;1153944;1154915;2
chr8;1154187;1156503;2
chr8;1156739;1157125;2
chr8;1157654;1158847;1
chr8;1159847;1160431;2
chr8;1160532;1161530;2
chr8;1162071;1165145;1
chr8;111236;112225;2
chr8;1165974;1166843;2
chr8;1167063;1168880;2
chr8;1169694;1171058;2
chr8;1171220;1172908;2
chr8;1173599;1174813;2
chr8;1175118;1175783;1
chr8;1175987;1176068;1
chr8;1176323;1177879;2
chr8;1178244;1179681;2
chr8;1180168;1186065;2
chr8;1186486;1191810;2
chr8;1192346;1192975;1
chr8;1193128;1194064;2
chr8;113025;116073;2
chr8;1195209;1199183;2
chr8;1200120;1202408;2
chr8;1202922;1203932;1
chr8;1203501;1204126;2
chr8;1205101;1206528;2
chr8;1208492;1216035;2
chr8;1216286;1219762;2
chr8;1220230;1222444;2
chr8;1222831;1224162;2
chr8;1224676;1226180;2
chr8;1226331;1227302;1
chr8;116724;119495;2
chr8;1227334;1228084;2
chr8;1228370;1234629;2
chr8;1234996;1235934;2
chr8;1236312;1238195;2
chr8;1238889;1243142;2
chr8;1243233;1247618;2
chr8;1247675;1250186;1
chr8;1250861;1256600;2
chr8;1255249;1255357;1
chr8;1256293;1256364;1
chr8;1256715;1257095;1
chr8;1257249;1258385;2
chr8;17180;18688;2
chr8;119944;120417;2
chr8;1259015;1259908;1
chr8;1260492;1261007;1
chr8;1261159;1261635;2
chr8;120738;121680;2
chr8;1263161;1264135;2
chr8;1264419;1264739;1
chr8;1265535;1266666;2
chr8;1267169;1267627;1
chr8;1267740;1268226;2
chr8;1268349;1269743;1
chr8;1269913;1270833;1
chr8;121619;123611;2
chr8;1270907;1271431;1
chr8;1271721;1272212;1
chr8;1272673;1273827;2
chr8;1273849;1273921;1
chr8;1274186;1275010;2
chr8;1275273;1276154;2
chr8;1276496;1279591;2
chr8;1279551;1281151;1
chr8;1281128;1281793;1
chr8;1282299;1283745;2
chr8;1283626;1287070;2
chr8;1287125;1291623;2
chr8;1291826;1291897;1
chr8;123886;124989;2
chr8;1291968;1293195;2
chr8;1293391;1296714;1
chr8;1297465;1298496;2
chr8;126466;126959;2
chr8;1298598;1299302;2
chr8;1299722;1300492;2
chr8;1300542;1301698;2
chr8;1301649;1301698;1
chr8;1301779;1303463;2
chr8;1303657;1305288;2
chr8;1305392;1306733;2
chr8;1306914;1313807;1
chr8;127753;128469;1
chr8;1313874;1316496;1
chr8;1316760;1320593;1
chr8;1320602;1323374;2
chr8;1323613;1327201;1
chr8;1327726;1330257;1
chr8;1330490;1331275;1
chr8;1332235;1332711;1
chr8;1333804;1334610;1
chr8;1335319;1335864;1
chr8;128483;130960;2
chr8;1336326;1338005;1
chr8;1338561;1339214;2
chr8;1339352;1341112;1
chr8;133403;142173;1
chr8;142320;143073;2
chr8;143142;146424;2
chr8;146835;147560;2
chr8;147763;148758;2
chr8;18785;19984;2
chr8;149567;151528;2
chr8;151545;154169;2
chr8;154515;155297;1
chr8;156366;158607;2
chr8;159114;162958;2
chr8;163355;164563;2
chr8;165295;171270;1
chr8;170584;171270;1
chr8;173256;176696;1
chr8;188303;190249;1
chr8;20318;21592;2
chr8;191361;197099;1
chr8;197898;203381;2
chr8;204296;204640;1
chr8;205142;206780;2
chr8;206738;207577;2
chr8;208206;211247;2
chr8;211343;212792;2
chr8;213207;216794;1
chr8;217030;218034;2
chr8;217998;220324;2
chr8;22054;23466;2
chr8;220409;223790;2
chr8;225019;230078;2
chr8;230275;231776;1
chr8;231851;232795;1
chr8;233262;234502;2
chr8;234582;235927;2
chr8;236262;241393;2
chr8;241850;243715;2
chr8;243616;245161;2
chr8;245281;246658;2
chr8;23664;26513;1
chr8;247061;249973;2
chr8;250416;254162;2
chr8;254229;255863;2
chr8;256445;257061;2
chr8;257495;258019;1
chr8;257969;259725;2
chr8;259950;262401;1
chr8;262691;269008;2
chr8;269104;270249;2
chr8;271336;275247;1